{
  "exposureDuration" : 0.0099999997764825821,
  "cameraPoseARFrame" : [
    0.38272541761398315,
    0.86729001998901367,
    0.31832259893417358,
    -0.33494454622268677,
    -0.86135786771774292,
    0.2104002982378006,
    0.46237853169441223,
    0.2246202677488327,
    0.33404108881950378,
    -0.45115390419960022,
    0.82757270336151123,
    0.59200131893157959,
    0,
    0,
    0,
    0.9999997615814209
  ],
  "intrinsics" : [
    1460.328369140625,
    0,
    929.3048095703125,
    0,
    1460.328369140625,
    719.53900146484375,
    0,
    0,
    1
  ],
  "averageVelocity" : 0,
  "time" : 574395.86603741674,
  "averageAngularVelocity" : 0.095338083803653717,
  "projectionMatrix" : [
    1.5211753845214844,
    0,
    0.031453311443328857,
    0,
    0,
    2.0282337665557861,
    5.4180622100830078e-05,
    0,
    0,
    0,
    -0.9999997615814209,
    -0.00099999981466680765,
    0,
    0,
    -1,
    0
  ],
  "frame_index" : 38,
  "motionQuality" : 0.97223049402236938,
  "cameraGrain" : 0
}