{
  "averageVelocity" : 0.30832332372665405,
  "frame_index" : 152,
  "averageAngularVelocity" : 0.56119441986083984,
  "cameraGrain" : 0,
  "projectionMatrix" : [
    1.5213160514831543,
    0,
    0.029000520706176758,
    0,
    0,
    2.0284214019775391,
    -0.014914393424987793,
    0,
    0,
    0,
    -0.9999997615814209,
    -0.00099999981466680765,
    0,
    0,
    -1,
    0
  ],
  "motionQuality" : 0.83965873718261719,
  "exposureDuration" : 0.0099999997764825821,
  "cameraPoseARFrame" : [
    0.3518618643283844,
    0.92930537462234497,
    0.11218168586492538,
    -0.097341805696487427,
    -0.92974776029586792,
    0.33308765292167664,
    0.15691196918487549,
    0.44280272722244263,
    0.10845281183719635,
    -0.15951208770275116,
    0.98122060298919678,
    0.66238248348236084,
    0,
    0,
    0,
    0.99999988079071045
  ],
  "time" : 574405.51878337516,
  "intrinsics" : [
    1460.46337890625,
    0,
    931.65948486328125,
    0,
    1460.46337890625,
    708.7615966796875,
    0,
    0,
    1
  ]
}