{
  "frame_index" : 202,
  "intrinsics" : [
    1459.171142578125,
    0,
    930.53033447265625,
    0,
    1459.171142578125,
    721.6778564453125,
    0,
    0,
    1
  ],
  "motionQuality" : 0.88284057378768921,
  "averageVelocity" : 0.23854455351829529,
  "projectionMatrix" : [
    1.5199699401855469,
    0,
    0.030176758766174316,
    0,
    0,
    2.0266265869140625,
    0.0030248165130615234,
    0,
    0,
    0,
    -0.9999997615814209,
    -0.00099999981466680765,
    0,
    0,
    -1,
    0
  ],
  "cameraPoseARFrame" : [
    0.031292997300624847,
    0.99209791421890259,
    -0.12150149047374725,
    0.032125897705554962,
    -0.80111914873123169,
    0.097586624324321747,
    0.59049522876739502,
    -0.095130868256092072,
    0.59768593311309814,
    0.078858770430088043,
    0.79784244298934937,
    0.67222678661346436,
    0,
    0,
    0,
    0.99999982118606567
  ],
  "time" : 574409.79468245851,
  "averageAngularVelocity" : 0.41005808115005493,
  "exposureDuration" : 0.0099999997764825821,
  "cameraGrain" : 0
}