{
  "cameraPoseARFrame" : [
    0.30242657661437988,
    0.88897806406021118,
    0.34388411045074463,
    -0.14360786974430084,
    -0.94496089220046997,
    0.23237374424934387,
    0.23032809793949127,
    0.20940190553665161,
    0.12484696507453918,
    -0.39461442828178406,
    0.91032558679580688,
    0.61469018459320068,
    0,
    0,
    0,
    0.99999988079071045
  ],
  "averageVelocity" : 0.18187244236469269,
  "cameraGrain" : 0,
  "time" : 574403.11487283348,
  "motionQuality" : 0.93267810344696045,
  "exposureDuration" : 0.0099999997764825821,
  "frame_index" : 121,
  "intrinsics" : [
    1460.2557373046875,
    0,
    927.14654541015625,
    0,
    1460.2557373046875,
    720.639892578125,
    0,
    0,
    1
  ],
  "projectionMatrix" : [
    1.5210996866226196,
    0,
    0.033701539039611816,
    0,
    0,
    2.0281329154968262,
    0.0015831589698791504,
    0,
    0,
    0,
    -0.9999997615814209,
    -0.00099999981466680765,
    0,
    0,
    -1,
    0
  ],
  "averageAngularVelocity" : 0.23562663793563843
}