{
  "projectionMatrix" : [
    1.5212132930755615,
    0,
    0.028709948062896729,
    0,
    0,
    2.0282843112945557,
    -0.014920711517333984,
    0,
    0,
    0,
    -0.9999997615814209,
    -0.00099999981466680765,
    0,
    0,
    -1,
    0
  ],
  "averageVelocity" : 0.31428629159927368,
  "cameraPoseARFrame" : [
    0.37134683132171631,
    0.91688543558120728,
    0.14636492729187012,
    -0.11442931741476059,
    -0.92445981502532959,
    0.35043177008628845,
    0.15023767948150635,
    0.45404869318008423,
    0.086459800601005554,
    -0.19109882414340973,
    0.97775554656982422,
    0.66134941577911377,
    0,
    0,
    0,
    0.99999988079071045
  ],
  "motionQuality" : 0.83908522129058838,
  "intrinsics" : [
    1460.36474609375,
    0,
    931.9384765625,
    0,
    1460.36474609375,
    708.757080078125,
    0,
    0,
    1
  ],
  "cameraGrain" : 0,
  "exposureDuration" : 0.0099999997764825821,
  "frame_index" : 151,
  "time" : 574405.45203083346,
  "averageAngularVelocity" : 0.56320172548294067
}