{
  "exposureDuration" : 0.0099999997764825821,
  "intrinsics" : [
    1460.4166259765625,
    0,
    925.95501708984375,
    0,
    1460.4166259765625,
    723.07232666015625,
    0,
    0,
    1
  ],
  "averageVelocity" : 0.24338686466217041,
  "cameraPoseARFrame" : [
    0.20762372016906738,
    0.92906391620635986,
    0.30615764856338501,
    -0.10817468911409378,
    -0.96869146823883057,
    0.15172246098518372,
    0.19651141762733459,
    0.16058820486068726,
    0.13612067699432373,
    -0.33737289905548096,
    0.93147754669189453,
    0.61281239986419678,
    0,
    0,
    0,
    0.99999988079071045
  ],
  "time" : 574402.78083233349,
  "projectionMatrix" : [
    1.521267294883728,
    0,
    0.034942686557769775,
    0,
    0,
    2.0283563137054443,
    0.004961550235748291,
    0,
    0,
    0,
    -0.9999997615814209,
    -0.00099999981466680765,
    0,
    0,
    -1,
    0
  ],
  "averageAngularVelocity" : 0.24930712580680847,
  "frame_index" : 117,
  "motionQuality" : 0.92876940965652466,
  "cameraGrain" : 0
}