{
  "frame_index" : 176,
  "cameraPoseARFrame" : [
    0.021737013012170792,
    0.95315790176391602,
    -0.30169138312339783,
    0.16625699400901794,
    -0.95873129367828369,
    0.10543736815452576,
    0.26403966546058655,
    0.21125286817550659,
    0.28348103165626526,
    0.28350156545639038,
    0.91611427068710327,
    0.75722521543502808,
    0,
    0,
    0,
    0.99999988079071045
  ],
  "averageVelocity" : 0.1601155698299408,
  "intrinsics" : [
    1459.5240478515625,
    0,
    926.052734375,
    0,
    1459.5240478515625,
    720.755615234375,
    0,
    0,
    1
  ],
  "projectionMatrix" : [
    1.5203375816345215,
    0,
    0.034840881824493408,
    0,
    0,
    2.0271167755126953,
    0.0017439126968383789,
    0,
    0,
    0,
    -0.9999997615814209,
    -0.00099999981466680765,
    0,
    0,
    -1,
    0
  ],
  "motionQuality" : 0.95425271987915039,
  "time" : 574407.49028791673,
  "exposureDuration" : 0.0099999997764825821,
  "averageAngularVelocity" : 0.14244982600212097,
  "cameraGrain" : 0
}