{
  "motionQuality" : 0.94379538297653198,
  "exposureDuration" : 0.0099999997764825821,
  "time" : 574394.29971641675,
  "averageVelocity" : 0.085660703480243683,
  "cameraGrain" : 0,
  "projectionMatrix" : [
    1.5196833610534668,
    0,
    0.035035967826843262,
    0,
    0,
    2.0262444019317627,
    0.0055411458015441895,
    0,
    0,
    0,
    -0.9999997615814209,
    -0.00099999981466680765,
    0,
    0,
    -1,
    0
  ],
  "averageAngularVelocity" : 0.19671624898910522,
  "intrinsics" : [
    1458.89599609375,
    0,
    925.865478515625,
    0,
    1458.89599609375,
    723.4896240234375,
    0,
    0,
    1
  ],
  "frame_index" : 18,
  "cameraPoseARFrame" : [
    0.15708610415458679,
    0.88677483797073364,
    0.43468856811523438,
    -0.2787686288356781,
    -0.96564257144927979,
    0.045650634914636612,
    0.25583189725875854,
    0.14231090247631073,
    0.20702151954174042,
    -0.45994162559509277,
    0.86347872018814087,
    0.93931746482849121,
    0,
    0,
    0,
    0.9999997615814209
  ]
}