{
  "intrinsics" : [
    1459.07763671875,
    0,
    925.96234130859375,
    0,
    1459.07763671875,
    723.98590087890625,
    0,
    0,
    1
  ],
  "projectionMatrix" : [
    1.5198725461959839,
    0,
    0.034935057163238525,
    0,
    0,
    2.0264966487884521,
    0.0062304139137268066,
    0,
    0,
    0,
    -0.9999997615814209,
    -0.00099999981466680765,
    0,
    0,
    -1,
    0
  ],
  "time" : 574394.10005754174,
  "cameraPoseARFrame" : [
    0.12818549573421478,
    0.89692580699920654,
    0.42319297790527344,
    -0.27829849720001221,
    -0.97484070062637329,
    0.035491757094860077,
    0.2200579047203064,
    0.14816147089004517,
    0.18235576152801514,
    -0.44075420498847961,
    0.87890952825546265,
    0.9539981484413147,
    0,
    0,
    0,
    0.99999988079071045
  ],
  "averageAngularVelocity" : 0.18542753159999847,
  "motionQuality" : 0.94702070951461792,
  "averageVelocity" : 0.021445758640766144,
  "cameraGrain" : 0,
  "frame_index" : 16,
  "exposureDuration" : 0.0099999997764825821
}