{
  "intrinsics" : [
    1460.8526611328125,
    0,
    925.545166015625,
    0,
    1460.8526611328125,
    723.96221923828125,
    0,
    0,
    1
  ],
  "cameraGrain" : 0,
  "cameraPoseARFrame" : [
    0.19103580713272095,
    0.94022786617279053,
    0.28191667795181274,
    -0.099442228674888611,
    -0.96069055795669556,
    0.12015177309513092,
    0.25027358531951904,
    0.10585474967956543,
    0.2014414370059967,
    -0.31864604353904724,
    0.92622143030166626,
    0.61125892400741577,
    0,
    0,
    0,
    0.99999994039535522
  ],
  "projectionMatrix" : [
    1.5217214822769165,
    0,
    0.035369634628295898,
    0,
    0,
    2.0289621353149414,
    0.006197512149810791,
    0,
    0,
    0,
    -0.9999997615814209,
    -0.00099999981466680765,
    0,
    0,
    -1,
    0
  ],
  "averageAngularVelocity" : 0.2064613550901413,
  "exposureDuration" : 0.0099999997764825821,
  "averageVelocity" : 0.2617250382900238,
  "time" : 574402.57927862508,
  "frame_index" : 115,
  "motionQuality" : 0.92522144317626953
}