{
  "averageAngularVelocity" : 0.28808498382568359,
  "frame_index" : 160,
  "time" : 574406.15432762518,
  "exposureDuration" : 0.0099999997764825821,
  "cameraGrain" : 0,
  "averageVelocity" : 0.1775994747877121,
  "cameraPoseARFrame" : [
    0.21358738839626312,
    0.97085726261138916,
    -0.10870349407196045,
    0.017488162964582443,
    -0.95828026533126831,
    0.22984485328197479,
    0.16991117596626282,
    0.36483532190322876,
    0.18994444608688354,
    0.067877471446990967,
    0.97944551706314087,
    0.69552409648895264,
    0,
    0,
    0,
    0.99999988079071045
  ],
  "intrinsics" : [
    1460.427001953125,
    0,
    925.77947998046875,
    0,
    1460.427001953125,
    716.2857666015625,
    0,
    0,
    1
  ],
  "projectionMatrix" : [
    1.5212781429290771,
    0,
    0.035125553607940674,
    0,
    0,
    2.0283708572387695,
    -0.004464268684387207,
    0,
    0,
    0,
    -0.9999997615814209,
    -0.00099999981466680765,
    0,
    0,
    -1,
    0
  ],
  "motionQuality" : 0.9176899790763855
}