{
  "frame_index" : 74,
  "averageAngularVelocity" : 0.18789857625961304,
  "exposureDuration" : 0.0099999997764825821,
  "time" : 574399.00694795849,
  "averageVelocity" : 0.1507171243429184,
  "intrinsics" : [
    1461.5792236328125,
    0,
    929.89801025390625,
    0,
    1461.5792236328125,
    722.896240234375,
    0,
    0,
    1
  ],
  "cameraGrain" : 0.01886880025267601,
  "motionQuality" : 0.94631469249725342,
  "cameraPoseARFrame" : [
    0.13877846300601959,
    0.96956121921539307,
    0.20172134041786194,
    -0.5451088547706604,
    -0.86382275819778442,
    0.018900603055953979,
    0.50344055891036987,
    -0.17941105365753174,
    0.48430389165878296,
    -0.24411837756633759,
    0.84015220403671265,
    0.59917545318603516,
    0,
    0,
    0,
    0.99999988079071045
  ],
  "projectionMatrix" : [
    1.5224783420562744,
    0,
    0.030835390090942383,
    0,
    0,
    2.0299711227416992,
    0.0047169923782348633,
    0,
    0,
    0,
    -0.9999997615814209,
    -0.00099999981466680765,
    0,
    0,
    -1,
    0
  ]
}