{
  "motionQuality" : 0.9562029242515564,
  "cameraPoseARFrame" : [
    -0.020028851926326752,
    0.9609827995300293,
    -0.27588212490081787,
    0.16985005140304565,
    -0.92557305097579956,
    0.086513899266719818,
    0.36855065822601318,
    0.087163977324962616,
    0.37803849577903748,
    0.26273065805435181,
    0.88772714138031006,
    0.75992095470428467,
    0,
    0,
    0,
    0.99999988079071045
  ],
  "cameraGrain" : 0,
  "exposureDuration" : 0.0099999997764825821,
  "projectionMatrix" : [
    1.5202347040176392,
    0,
    0.033773481845855713,
    0,
    0,
    2.0269796848297119,
    0.003508448600769043,
    0,
    0,
    0,
    -0.9999997615814209,
    -0.00099999981466680765,
    0,
    0,
    -1,
    0
  ],
  "time" : 574408.39157475007,
  "intrinsics" : [
    1459.42529296875,
    0,
    927.07745361328125,
    0,
    1459.42529296875,
    722.02606201171875,
    0,
    0,
    1
  ],
  "frame_index" : 186,
  "averageAngularVelocity" : 0.12023515254259109,
  "averageVelocity" : 0.15328973531723022
}