{
  "cameraGrain" : 0,
  "averageAngularVelocity" : 0.28687089681625366,
  "exposureDuration" : 0.0099999997764825821,
  "motionQuality" : 0.91803687810897827,
  "frame_index" : 122,
  "time" : 574403.21490466676,
  "averageVelocity" : 0.19577591121196747,
  "intrinsics" : [
    1460.442626953125,
    0,
    927.07659912109375,
    0,
    1460.442626953125,
    719.9957275390625,
    0,
    0,
    1
  ],
  "cameraPoseARFrame" : [
    0.34323140978813171,
    0.86874657869338989,
    0.35703185200691223,
    -0.15896977484226227,
    -0.9304235577583313,
    0.26249101758003235,
    0.25575432181358337,
    0.22163558006286621,
    0.12846802175045013,
    -0.41997388005256653,
    0.89839750528335571,
    0.61400723457336426,
    0,
    0,
    0,
    0.99999994039535522
  ],
  "projectionMatrix" : [
    1.5212943553924561,
    0,
    0.033774375915527344,
    0,
    0,
    2.0283925533294678,
    0.00068849325180053711,
    0,
    0,
    0,
    -0.9999997615814209,
    -0.00099999981466680765,
    0,
    0,
    -1,
    0
  ]
}