{
  "intrinsics" : [
    1460.863037109375,
    0,
    925.88897705078125,
    0,
    1460.863037109375,
    724.0518798828125,
    0,
    0,
    1
  ],
  "cameraGrain" : 0,
  "cameraPoseARFrame" : [
    0.14378972351551056,
    0.95909440517425537,
    0.24384929239749908,
    -0.12727206945419312,
    -0.95673424005508423,
    0.071742802858352661,
    0.28197911381721497,
    0.010533448308706284,
    0.25295016169548035,
    -0.27384480834007263,
    0.92791444063186646,
    0.61255729198455811,
    0,
    0,
    0,
    0.99999988079071045
  ],
  "projectionMatrix" : [
    1.5217323303222656,
    0,
    0.035011470317840576,
    0,
    0,
    2.0289764404296875,
    0.006322026252746582,
    0,
    0,
    0,
    -0.9999997615814209,
    -0.00099999981466680765,
    0,
    0,
    -1,
    0
  ],
  "averageAngularVelocity" : 0.07990158349275589,
  "exposureDuration" : 0.0099999997764825821,
  "averageVelocity" : 0.3033784031867981,
  "time" : 574402.21399920841,
  "frame_index" : 111,
  "motionQuality" : 0.91332048177719116
}