{
  "motionQuality" : 0.91519010066986084,
  "exposureDuration" : 0.0099999997764825821,
  "projectionMatrix" : [
    1.5217916965484619,
    0,
    0.032984793186187744,
    0,
    0,
    2.0290555953979492,
    0.0065007805824279785,
    0,
    0,
    0,
    -0.9999997615814209,
    -0.00099999981466680765,
    0,
    0,
    -1,
    0
  ],
  "averageVelocity" : 0.1872297078371048,
  "time" : 574397.90780345851,
  "averageAngularVelocity" : 0.29683470726013184,
  "cameraGrain" : 0,
  "frame_index" : 62,
  "intrinsics" : [
    1460.9200439453125,
    0,
    927.8345947265625,
    0,
    1460.9200439453125,
    724.1805419921875,
    0,
    0,
    1
  ],
  "cameraPoseARFrame" : [
    0.18109868466854095,
    0.93838846683502197,
    0.29433035850524902,
    -0.36076682806015015,
    -0.87727922201156616,
    0.01887352392077446,
    0.47960880398750305,
    -0.030449215322732925,
    0.44450429081916809,
    -0.34506657719612122,
    0.82664680480957031,
    0.63043326139450073,
    0,
    0,
    0,
    0.99999988079071045
  ]
}