{
  "cameraGrain" : 0,
  "motionQuality" : 0.9114680290222168,
  "time" : 574410.32927020849,
  "exposureDuration" : 0.0099999997764825821,
  "frame_index" : 208,
  "intrinsics" : [
    1459.0361328125,
    0,
    932.7567138671875,
    0,
    1459.0361328125,
    722.07635498046875,
    0,
    0,
    1
  ],
  "projectionMatrix" : [
    1.519829273223877,
    0,
    0.027857601642608643,
    0,
    0,
    2.0264391899108887,
    0.0035782456398010254,
    0,
    0,
    0,
    -0.9999997615814209,
    -0.00099999981466680765,
    0,
    0,
    -1,
    0
  ],
  "cameraPoseARFrame" : [
    0.035659141838550568,
    0.9993584156036377,
    -0.0033304691314697266,
    -0.033228356391191483,
    -0.8018791675567627,
    0.030601279810070992,
    0.59670168161392212,
    -0.10409844666719437,
    0.59642088413238525,
    -0.018607290461659431,
    0.80245602130889893,
    0.65193170309066772,
    0,
    0,
    0,
    0.99999988079071045
  ],
  "averageVelocity" : 0.084095872938632965,
  "averageAngularVelocity" : 0.30986195802688599
}