{
  "projectionMatrix" : [
    1.5211539268493652,
    0,
    0.03380119800567627,
    0,
    0,
    2.0282051563262939,
    -0.0071440935134887695,
    0,
    0,
    0,
    -0.9999997615814209,
    -0.00099999981466680765,
    0,
    0,
    -1,
    0
  ],
  "averageVelocity" : 0.21169804036617279,
  "cameraPoseARFrame" : [
    0.25195634365081787,
    0.96694815158843994,
    -0.03910277783870697,
    -0.013974827714264393,
    -0.9515843391418457,
    0.25490021705627441,
    0.17179231345653534,
    0.38420897722244263,
    0.17608156800270081,
    -0.0060746208764612675,
    0.98435664176940918,
    0.68142545223236084,
    0,
    0,
    0,
    0.9999997615814209
  ],
  "intrinsics" : [
    1460.3077392578125,
    0,
    927.05084228515625,
    0,
    1460.3077392578125,
    714.35626220703125,
    0,
    0,
    1
  ],
  "motionQuality" : 0.92327219247817993,
  "cameraGrain" : 0,
  "exposureDuration" : 0.0099999997764825821,
  "frame_index" : 157,
  "time" : 574405.91942875017,
  "averageAngularVelocity" : 0.2685474157333374
}