{
  "averageAngularVelocity" : 0.30991756916046143,
  "motionQuality" : 0.91145211458206177,
  "intrinsics" : [
    1459.0361328125,
    0,
    932.63958740234375,
    0,
    1459.0361328125,
    723.28546142578125,
    0,
    0,
    1
  ],
  "projectionMatrix" : [
    1.519829273223877,
    0,
    0.027979612350463867,
    0,
    0,
    2.0264391899108887,
    0.0052576065063476562,
    0,
    0,
    0,
    -0.9999997615814209,
    -0.00099999981466680765,
    0,
    0,
    -1,
    0
  ],
  "averageVelocity" : 0,
  "time" : 574410.73024091683,
  "cameraGrain" : 0,
  "exposureDuration" : 0.0099999997764825821,
  "cameraPoseARFrame" : [
    0.0046934853307902813,
    0.99935781955718994,
    -0.035519838333129883,
    -0.033364098519086838,
    -0.7568972110748291,
    0.026763619855046272,
    0.6529853343963623,
    -0.11366219818592072,
    0.65351676940917969,
    0.023820014670491219,
    0.75653696060180664,
    0.65148329734802246,
    0,
    0,
    0,
    0.9999997615814209
  ],
  "frame_index" : 213
}