{
  "intrinsics" : [
    1459.42529296875,
    0,
    929.472412109375,
    0,
    1459.42529296875,
    722.61956787109375,
    0,
    0,
    1
  ],
  "projectionMatrix" : [
    1.5202347040176392,
    0,
    0.031278729438781738,
    0,
    0,
    2.0269796848297119,
    0.0043327212333679199,
    0,
    0,
    0,
    -0.9999997615814209,
    -0.00099999981466680765,
    0,
    0,
    -1,
    0
  ],
  "cameraGrain" : 0,
  "motionQuality" : 0.93896019458770752,
  "averageVelocity" : 0.21363928914070129,
  "averageAngularVelocity" : 0.12525507807731628,
  "frame_index" : 198,
  "cameraPoseARFrame" : [
    0.013804766349494457,
    0.97407746315002441,
    -0.22579307854175568,
    0.08860614150762558,
    -0.81534069776535034,
    0.14168360829353333,
    0.56137776374816895,
    -0.076925761997699738,
    0.57881671190261841,
    0.17634855210781097,
    0.79616105556488037,
    0.71351003646850586,
    0,
    0,
    0,
    0.99999988079071045
  ],
  "exposureDuration" : 0.0099999997764825821,
  "time" : 574409.49437762517
}