{
  "cameraGrain" : 0,
  "cameraPoseARFrame" : [
    0.045625478029251099,
    0.99767100811004639,
    -0.050703670829534531,
    0.0012693107128143311,
    -0.80048263072967529,
    0.066877901554107666,
    0.59561270475387573,
    -0.097602128982543945,
    0.59761655330657959,
    0.013412231579422951,
    0.80166983604431152,
    0.6559450626373291,
    0,
    0,
    0,
    0.99999994039535522
  ],
  "intrinsics" : [
    1459.0206298828125,
    0,
    931.21600341796875,
    0,
    1459.0206298828125,
    721.21624755859375,
    0,
    0,
    1
  ],
  "motionQuality" : 0.86953336000442505,
  "time" : 574409.96190320852,
  "averageVelocity" : 0.19760768115520477,
  "exposureDuration" : 0.0099999997764825821,
  "projectionMatrix" : [
    1.5198131799697876,
    0,
    0.029462516307830811,
    0,
    0,
    2.0264174938201904,
    0.0023836493492126465,
    0,
    0,
    0,
    -0.9999997615814209,
    -0.00099999981466680765,
    0,
    0,
    -1,
    0
  ],
  "frame_index" : 204,
  "averageAngularVelocity" : 0.45663326978683472
}