{
  "frame_index" : 189,
  "averageVelocity" : 0.16511386632919312,
  "motionQuality" : 0.95282459259033203,
  "time" : 574408.69288687513,
  "intrinsics" : [
    1459.5499267578125,
    0,
    927.5440673828125,
    0,
    1459.5499267578125,
    722.078369140625,
    0,
    0,
    1
  ],
  "cameraPoseARFrame" : [
    -0.015762539580464363,
    0.96543729305267334,
    -0.26015803217887878,
    0.15912160277366638,
    -0.91327118873596191,
    0.092021353542804718,
    0.39682155847549438,
    0.044274505227804184,
    0.40704649686813354,
    0.24384975433349609,
    0.88025581836700439,
    0.75894200801849365,
    0,
    0,
    0,
    0.99999988079071045
  ],
  "cameraGrain" : 0,
  "averageAngularVelocity" : 0.15745562314987183,
  "projectionMatrix" : [
    1.52036452293396,
    0,
    0.033287405967712402,
    0,
    0,
    2.0271527767181396,
    0.0035810470581054688,
    0,
    0,
    0,
    -0.9999997615814209,
    -0.00099999981466680765,
    0,
    0,
    -1,
    0
  ],
  "exposureDuration" : 0.0099999997764825821
}