{
  "projectionMatrix" : [
    1.5223160982131958,
    0,
    0.031589508056640625,
    0,
    0,
    2.0297548770904541,
    0.0054323673248291016,
    0,
    0,
    0,
    -0.9999997615814209,
    -0.00099999981466680765,
    0,
    0,
    -1,
    0
  ],
  "motionQuality" : 0.93822711706161499,
  "averageAngularVelocity" : 0.21620507538318634,
  "averageVelocity" : 0.13032609224319458,
  "cameraGrain" : 0.02540523000061512,
  "cameraPoseARFrame" : [
    0.13448783755302429,
    0.97499597072601318,
    0.17690680921077728,
    -0.53837049007415771,
    -0.89564800262451172,
    0.043225366622209549,
    0.44265782833099365,
    -0.21179117262363434,
    0.4239426851272583,
    -0.21797844767570496,
    0.87906646728515625,
    0.60650044679641724,
    0,
    0,
    0,
    0.99999982118606567
  ],
  "exposureDuration" : 0.0099999997764825821,
  "intrinsics" : [
    1461.4234619140625,
    0,
    929.174072265625,
    0,
    1461.4234619140625,
    723.41131591796875,
    0,
    0,
    1
  ],
  "frame_index" : 77,
  "time" : 574399.30969391682
}