{
  "cameraGrain" : 0,
  "projectionMatrix" : [
    1.5207916498184204,
    0,
    0.034675240516662598,
    0,
    0,
    2.0277221202850342,
    -0.0026546716690063477,
    0,
    0,
    0,
    -0.9999997615814209,
    -0.00099999981466680765,
    0,
    0,
    -1,
    0
  ],
  "frame_index" : 166,
  "intrinsics" : [
    1459.9599609375,
    0,
    926.2117919921875,
    0,
    1459.9599609375,
    717.588623046875,
    0,
    0,
    1
  ],
  "averageAngularVelocity" : 0.20390346646308899,
  "motionQuality" : 0.94174188375473022,
  "averageVelocity" : 0.17349839210510254,
  "exposureDuration" : 0.0099999997764825821,
  "cameraPoseARFrame" : [
    0.096311330795288086,
    0.9702608585357666,
    -0.22207622230052948,
    0.10236068814992905,
    -0.96920979022979736,
    0.14221566915512085,
    0.2010139524936676,
    0.31816333532333374,
    0.22661870718002319,
    0.1958785355091095,
    0.95408350229263306,
    0.72323507070541382,
    0,
    0,
    0,
    0.99999988079071045
  ],
  "time" : 574406.65535700007
}