{
  "cameraPoseARFrame" : [
    0.42510300874710083,
    0.8506891131401062,
    0.30921763181686401,
    -0.35733690857887268,
    -0.84276992082595825,
    0.24737432599067688,
    0.47806307673454285,
    0.22740171849727631,
    0.33019056916236877,
    -0.463825523853302,
    0.82209485769271851,
    0.57293075323104858,
    0,
    0,
    0,
    0.99999982118606567
  ],
  "intrinsics" : [
    1460.904541015625,
    0,
    930.54803466796875,
    0,
    1460.904541015625,
    717.62274169921875,
    0,
    0,
    1
  ],
  "averageAngularVelocity" : 0.10277251154184341,
  "projectionMatrix" : [
    1.5217756032943726,
    0,
    0.030158281326293945,
    0,
    0,
    2.0290341377258301,
    -0.0026073455810546875,
    0,
    0,
    0,
    -0.9999997615814209,
    -0.00099999981466680765,
    0,
    0,
    -1,
    0
  ],
  "time" : 574396.30346370849,
  "frame_index" : 43,
  "averageVelocity" : 0,
  "cameraGrain" : 0,
  "exposureDuration" : 0.0099999997764825821,
  "motionQuality" : 0.97063642740249634
}