{
  "cameraPoseARFrame" : [
    0.14602923393249512,
    0.89336621761322021,
    0.42493802309036255,
    -0.27779087424278259,
    -0.96700716018676758,
    0.038267973810434341,
    0.25185790657997131,
    0.14575165510177612,
    0.20873984694480896,
    -0.44769692420959473,
    0.86947983503341675,
    0.94656509160995483,
    0,
    0,
    0,
    0.99999988079071045
  ],
  "exposureDuration" : 0.0099999997764825821,
  "time" : 574394.19938575011,
  "averageVelocity" : 0.072768472135066986,
  "cameraGrain" : 0,
  "projectionMatrix" : [
    1.5197482109069824,
    0,
    0.035301089286804199,
    0,
    0,
    2.0263309478759766,
    0.006482243537902832,
    0,
    0,
    0,
    -0.9999997615814209,
    -0.00099999981466680765,
    0,
    0,
    -1,
    0
  ],
  "averageAngularVelocity" : 0.29281195998191833,
  "intrinsics" : [
    1458.958251953125,
    0,
    925.6109619140625,
    0,
    1458.958251953125,
    724.167236328125,
    0,
    0,
    1
  ],
  "frame_index" : 17,
  "motionQuality" : 0.9163394570350647
}