{
  "cameraPoseARFrame" : [
    0.13909339904785156,
    0.97270560264587402,
    -0.18573325872421265,
    0.069725148379802704,
    -0.96711122989654541,
    0.17376123368740082,
    0.18574875593185425,
    0.33469170331954956,
    0.21295212209224701,
    0.1537882536649704,
    0.96488362550735474,
    0.71224892139434814,
    0,
    0,
    0,
    0.99999988079071045
  ],
  "projectionMatrix" : [
    1.5207104682922363,
    0,
    0.034656226634979248,
    0,
    0,
    2.0276141166687012,
    -0.0039181709289550781,
    0,
    0,
    0,
    -0.9999997615814209,
    -0.00099999981466680765,
    0,
    0,
    -1,
    0
  ],
  "motionQuality" : 0.92984652519226074,
  "intrinsics" : [
    1459.882080078125,
    0,
    926.23004150390625,
    0,
    1459.882080078125,
    716.67889404296875,
    0,
    0,
    1
  ],
  "frame_index" : 163,
  "averageVelocity" : 0.22120533883571625,
  "averageAngularVelocity" : 0.24553710222244263,
  "exposureDuration" : 0.0099999997764825821,
  "time" : 574406.45516162517,
  "cameraGrain" : 0
}