{
  "projectionMatrix" : [
    1.5216566324234009,
    0,
    0.030705571174621582,
    0,
    0,
    2.0288755893707275,
    -0.0015809535980224609,
    0,
    0,
    0,
    -0.9999997615814209,
    -0.00099999981466680765,
    0,
    0,
    -1,
    0
  ],
  "cameraPoseARFrame" : [
    0.41369354724884033,
    0.85354655981063843,
    0.31672698259353638,
    -0.35330930352210999,
    -0.84881281852722168,
    0.23581169545650482,
    0.47319051623344421,
    0.22814184427261353,
    0.32920217514038086,
    -0.46459797024726868,
    0.82205504179000854,
    0.57692527770996094,
    0,
    0,
    0,
    0.99999988079071045
  ],
  "intrinsics" : [
    1460.7904052734375,
    0,
    930.02264404296875,
    0,
    1460.7904052734375,
    718.36175537109375,
    0,
    0,
    1
  ],
  "averageVelocity" : 0.068884745240211487,
  "averageAngularVelocity" : 0.07947954535484314,
  "time" : 574396.2033444168,
  "motionQuality" : 0.97729158401489258,
  "frame_index" : 42,
  "cameraGrain" : 0,
  "exposureDuration" : 0.0099999997764825821
}