{
  "cameraPoseARFrame" : [
    0.24863368272781372,
    0.8926423192024231,
    0.3759932816028595,
    -0.32691299915313721,
    -0.8946307897567749,
    0.062858544290065765,
    0.44236209988594055,
    0.027710497379302979,
    0.37123671174049377,
    -0.44636139273643494,
    0.81421416997909546,
    0.64135092496871948,
    0,
    0,
    0,
    0.99999994039535522
  ],
  "averageAngularVelocity" : 0.18800872564315796,
  "frame_index" : 57,
  "averageVelocity" : 0.2178751528263092,
  "motionQuality" : 0.93774998188018799,
  "projectionMatrix" : [
    1.5216943025588989,
    0,
    0.031617581844329834,
    0,
    0,
    2.0289256572723389,
    0.00044625997543334961,
    0,
    0,
    0,
    -0.9999997615814209,
    -0.00099999981466680765,
    0,
    0,
    -1,
    0
  ],
  "cameraGrain" : 0,
  "exposureDuration" : 0.0099999997764825821,
  "intrinsics" : [
    1460.8265380859375,
    0,
    929.1470947265625,
    0,
    1460.8265380859375,
    719.8212890625,
    0,
    0,
    1
  ],
  "time" : 574397.50266550016
}