{
  "cameraPoseARFrame" : [
    -0.020558854565024376,
    0.96272683143615723,
    -0.26969355344772339,
    0.16706652939319611,
    -0.92336106300354004,
    0.085155874490737915,
    0.37436968088150024,
    0.073464035987854004,
    0.38338172435760498,
    0.25672107934951782,
    0.88719385862350464,
    0.76014029979705811,
    0,
    0,
    0,
    0.99999994039535522
  ],
  "motionQuality" : 0.96014308929443359,
  "cameraGrain" : 0,
  "exposureDuration" : 0.0099999997764825821,
  "projectionMatrix" : [
    1.5202184915542603,
    0,
    0.033720314502716064,
    0,
    0,
    2.0269579887390137,
    0.0039670467376708984,
    0,
    0,
    0,
    -0.9999997615814209,
    -0.00099999981466680765,
    0,
    0,
    -1,
    0
  ],
  "time" : 574408.49229129183,
  "frame_index" : 187,
  "intrinsics" : [
    1459.4097900390625,
    0,
    927.12847900390625,
    0,
    1459.4097900390625,
    722.35626220703125,
    0,
    0,
    1
  ],
  "averageAngularVelocity" : 0,
  "averageVelocity" : 0.13949929177761078
}