{
  "intrinsics" : [
    1459.5550537109375,
    0,
    929.67987060546875,
    0,
    1459.5550537109375,
    722.42523193359375,
    0,
    0,
    1
  ],
  "projectionMatrix" : [
    1.5203698873519897,
    0,
    0.031062662601470947,
    0,
    0,
    2.0271596908569336,
    0.0040628314018249512,
    0,
    0,
    0,
    -0.9999997615814209,
    -0.00099999981466680765,
    0,
    0,
    -1,
    0
  ],
  "cameraGrain" : 0,
  "motionQuality" : 0.93442964553833008,
  "averageVelocity" : 0.22949633002281189,
  "averageAngularVelocity" : 0.17606581747531891,
  "frame_index" : 199,
  "cameraPoseARFrame" : [
    0.018124829977750778,
    0.97700458765029907,
    -0.21244625747203827,
    0.076725266873836517,
    -0.811939537525177,
    0.13837717473506927,
    0.56710278987884521,
    -0.081689245998859406,
    0.58345985412597656,
    0.16221484541893005,
    0.7957768440246582,
    0.70459282398223877,
    0,
    0,
    0,
    0.99999988079071045
  ],
  "exposureDuration" : 0.0099999997764825821,
  "time" : 574409.56136912515
}