{
  "exposureDuration" : 0.0099999997764825821,
  "projectionMatrix" : [
    1.5226188898086548,
    0,
    0.032969176769256592,
    0,
    0,
    2.030158519744873,
    0.0057336688041687012,
    0,
    0,
    0,
    -0.9999997615814209,
    -0.00099999981466680765,
    0,
    0,
    -1,
    0
  ],
  "frame_index" : 104,
  "averageAngularVelocity" : 0.5701369047164917,
  "cameraGrain" : 0,
  "motionQuality" : 0.83710372447967529,
  "time" : 574401.64416354185,
  "intrinsics" : [
    1461.714111328125,
    0,
    927.849609375,
    0,
    1461.714111328125,
    723.62823486328125,
    0,
    0,
    1
  ],
  "averageVelocity" : 0.24022485315799713,
  "cameraPoseARFrame" : [
    0.10168956220149994,
    0.96420973539352417,
    0.24486485123634338,
    -0.27336430549621582,
    -0.95214414596557617,
    0.023016797378659248,
    0.30478078126907349,
    -0.081888265907764435,
    0.28823661804199219,
    -0.26413974165916443,
    0.92040735483169556,
    0.61300498247146606,
    0,
    0,
    0,
    0.99999988079071045
  ]
}