{
  "averageAngularVelocity" : 0.31286510825157166,
  "time" : 574406.08516270842,
  "frame_index" : 159,
  "exposureDuration" : 0.0099999997764825821,
  "cameraGrain" : 0,
  "averageVelocity" : 0.17016221582889557,
  "cameraPoseARFrame" : [
    0.22845220565795898,
    0.96914488077163696,
    -0.092560857534408569,
    0.0079228542745113373,
    -0.95591449737548828,
    0.24131351709365845,
    0.16731658577919006,
    0.37084299325942993,
    0.18449020385742188,
    0.050256360322237015,
    0.9815484881401062,
    0.69171702861785889,
    0,
    0,
    0,
    0.99999988079071045
  ],
  "intrinsics" : [
    1460.359619140625,
    0,
    926.0205078125,
    0,
    1460.359619140625,
    715.86663818359375,
    0,
    0,
    1
  ],
  "projectionMatrix" : [
    1.5212079286575317,
    0,
    0.034874498844146729,
    0,
    0,
    2.0282771587371826,
    -0.0050463676452636719,
    0,
    0,
    0,
    -0.9999997615814209,
    -0.00099999981466680765,
    0,
    0,
    -1,
    0
  ],
  "motionQuality" : 0.91060996055603027
}