{
  "cameraPoseARFrame" : [
    0.1365409642457962,
    0.97299551963806152,
    0.18610860407352448,
    -0.51345765590667725,
    -0.89912265539169312,
    0.04285677894949913,
    0.43559315800666809,
    -0.32663160562515259,
    0.41585415601730347,
    -0.22681090235710144,
    0.88069415092468262,
    0.61808449029922485,
    0,
    0,
    0,
    0.99999994039535522
  ],
  "averageVelocity" : 0.10846155136823654,
  "averageAngularVelocity" : 0.091590672731399536,
  "projectionMatrix" : [
    1.5234298706054688,
    0,
    0.032587289810180664,
    0,
    0,
    2.0312397480010986,
    0.0064857602119445801,
    0,
    0,
    0,
    -0.9999997615814209,
    -0.00099999981466680765,
    0,
    0,
    -1,
    0
  ],
  "time" : 574400.07433787512,
  "motionQuality" : 0.96901100873947144,
  "intrinsics" : [
    1462.49267578125,
    0,
    928.2161865234375,
    0,
    1462.49267578125,
    724.16973876953125,
    0,
    0,
    1
  ],
  "frame_index" : 86,
  "exposureDuration" : 0.0099999997764825821,
  "cameraGrain" : 0.03414437547326088
}