{
  "projectionMatrix" : [
    1.5214403867721558,
    0,
    0.030235230922698975,
    0,
    0,
    2.0285871028900146,
    -0.011549234390258789,
    0,
    0,
    0,
    -0.9999997615814209,
    -0.00099999981466680765,
    0,
    0,
    -1,
    0
  ],
  "exposureDuration" : 0.0099999997764825821,
  "intrinsics" : [
    1460.582763671875,
    0,
    930.47418212890625,
    0,
    1460.582763671875,
    711.18450927734375,
    0,
    0,
    1
  ],
  "motionQuality" : 0.94837415218353271,
  "averageAngularVelocity" : 0.18069042265415192,
  "time" : 574405.05102095846,
  "averageVelocity" : 0.095265164971351624,
  "cameraPoseARFrame" : [
    0.52603155374526978,
    0.79423743486404419,
    0.30410143733024597,
    -0.20738491415977478,
    -0.84935265779495239,
    0.47233006358146667,
    0.23559294641017914,
    0.49301606416702271,
    0.04348045215010643,
    -0.38221883773803711,
    0.92304831743240356,
    0.63921463489532471,
    0,
    0,
    0,
    0.99999988079071045
  ],
  "frame_index" : 145,
  "cameraGrain" : 0
}