{
  "averageAngularVelocity" : 0.32018312811851501,
  "motionQuality" : 0.90851908922195435,
  "time" : 574403.88308637508,
  "intrinsics" : [
    1460.8836669921875,
    0,
    928.2835693359375,
    0,
    1460.8836669921875,
    713.86956787109375,
    0,
    0,
    1
  ],
  "cameraPoseARFrame" : [
    0.41070562601089478,
    0.8075675368309021,
    0.42326772212982178,
    -0.24095568060874939,
    -0.90825265645980835,
    0.32164135575294495,
    0.26762595772743225,
    0.32723110914230347,
    0.079985648393630981,
    -0.49434956908226013,
    0.86557537317276001,
    0.59373462200164795,
    0,
    0,
    0,
    0.99999988079071045
  ],
  "cameraGrain" : 0,
  "frame_index" : 131,
  "averageVelocity" : 0.18004269897937775,
  "projectionMatrix" : [
    1.5217537879943848,
    0,
    0.032517135143280029,
    0,
    0,
    2.0290050506591797,
    -0.0078200101852416992,
    0,
    0,
    0,
    -0.9999997615814209,
    -0.00099999981466680765,
    0,
    0,
    -1,
    0
  ],
  "exposureDuration" : 0.0099999997764825821
}