{
  "motionQuality" : 0.89212542772293091,
  "averageAngularVelocity" : 0.31110146641731262,
  "time" : 574401.4140102918,
  "intrinsics" : [
    1462.1500244140625,
    0,
    927.16796875,
    0,
    1462.1500244140625,
    722.95489501953125,
    0,
    0,
    1
  ],
  "cameraPoseARFrame" : [
    0.10630315542221069,
    0.97967702150344849,
    0.1700960248708725,
    -0.32870396971702576,
    -0.95117819309234619,
    0.050340600311756134,
    0.3045087456703186,
    -0.11533547192811966,
    0.28975746035575867,
    -0.19416193664073944,
    0.93719881772994995,
    0.60458266735076904,
    0,
    0,
    0,
    0.99999982118606567
  ],
  "averageVelocity" : 0.37756100296974182,
  "projectionMatrix" : [
    1.5230729579925537,
    0,
    0.033679187297821045,
    0,
    0,
    2.0307638645172119,
    0.0047984719276428223,
    0,
    0,
    0,
    -0.9999997615814209,
    -0.00099999981466680765,
    0,
    0,
    -1,
    0
  ],
  "cameraGrain" : 0,
  "frame_index" : 101,
  "exposureDuration" : 0.0099999997764825821
}