{
  "projectionMatrix" : [
    1.5216350555419922,
    0,
    0.032711148262023926,
    0,
    0,
    2.0288467407226562,
    0.0060264468193054199,
    0,
    0,
    0,
    -0.9999997615814209,
    -0.00099999981466680765,
    0,
    0,
    -1,
    0
  ],
  "motionQuality" : 0.90496498346328735,
  "frame_index" : 61,
  "cameraGrain" : 0.01067308709025383,
  "averageAngularVelocity" : 0.33262264728546143,
  "time" : 574397.87074358342,
  "intrinsics" : [
    1460.7696533203125,
    0,
    928.0972900390625,
    0,
    1460.7696533203125,
    723.83905029296875,
    0,
    0,
    1
  ],
  "averageVelocity" : 0.17877008020877838,
  "cameraPoseARFrame" : [
    0.18434163928031921,
    0.93562257289886475,
    0.30104586482048035,
    -0.35452783107757568,
    -0.8777306079864502,
    0.018882673233747482,
    0.47878187894821167,
    -0.028324726969003677,
    0.44227460026741028,
    -0.35249665379524231,
    0.82470548152923584,
    0.63175117969512939,
    0,
    0,
    0,
    0.99999988079071045
  ],
  "exposureDuration" : 0.0099999997764825821
}