{
  "projectionMatrix" : [
    1.5212293863296509,
    0,
    0.029932975769042969,
    0,
    0,
    2.0283060073852539,
    -0.01352238655090332,
    0,
    0,
    0,
    -0.9999997615814209,
    -0.00099999981466680765,
    0,
    0,
    -1,
    0
  ],
  "cameraPoseARFrame" : [
    0.33887931704521179,
    0.93838435411453247,
    0.067790515720844269,
    -0.081049002707004547,
    -0.93215358257293701,
    0.32511866092681885,
    0.1593339592218399,
    0.43189829587936401,
    0.1274765282869339,
    -0.11718620359897614,
    0.98489445447921753,
    0.66396820545196533,
    0,
    0,
    0,
    0.99999988079071045
  ],
  "time" : 574405.58624970843,
  "frame_index" : 153,
  "cameraGrain" : 0,
  "averageVelocity" : 0.2998816967010498,
  "averageAngularVelocity" : 0.61553776264190674,
  "exposureDuration" : 0.0099999997764825821,
  "intrinsics" : [
    1460.3802490234375,
    0,
    930.76434326171875,
    0,
    1460.3802490234375,
    709.76385498046875,
    0,
    0,
    1
  ],
  "motionQuality" : 0.82413208484649658
}