{
  "averageVelocity" : 0.057100791484117508,
  "averageAngularVelocity" : 0,
  "exposureDuration" : 0.0099999997764825821,
  "cameraGrain" : 0,
  "intrinsics" : [
    1460.8785400390625,
    0,
    930.915771484375,
    0,
    1460.8785400390625,
    716.91485595703125,
    0,
    0,
    1
  ],
  "projectionMatrix" : [
    1.521748423576355,
    0,
    0.029775261878967285,
    0,
    0,
    2.0289978981018066,
    -0.0035904645919799805,
    0,
    0,
    0,
    -0.9999997615814209,
    -0.00099999981466680765,
    0,
    0,
    -1,
    0
  ],
  "time" : 574396.46763475018,
  "cameraPoseARFrame" : [
    0.4358675479888916,
    0.84914028644561768,
    0.29829564690589905,
    -0.36052066087722778,
    -0.83508127927780151,
    0.25795969367027283,
    0.48589679598808289,
    0.22061425447463989,
    0.33564627170562744,
    -0.46088781952857971,
    0.82153749465942383,
    0.57027173042297363,
    0,
    0,
    0,
    0.99999988079071045
  ],
  "motionQuality" : 0.97430944442749023,
  "frame_index" : 45
}