{
  "exposureDuration" : 0.0099999997764825821,
  "time" : 574401.21306350012,
  "frame_index" : 99,
  "averageAngularVelocity" : 0.25803720951080322,
  "cameraGrain" : 0,
  "averageVelocity" : 0.4244045615196228,
  "motionQuality" : 0.8787415623664856,
  "intrinsics" : [
    1462.0618896484375,
    0,
    925.654296875,
    0,
    1462.0618896484375,
    723.4639892578125,
    0,
    0,
    1
  ],
  "projectionMatrix" : [
    1.5229811668395996,
    0,
    0.035255968570709229,
    0,
    0,
    2.0306415557861328,
    0.0055055618286132812,
    0,
    0,
    0,
    -0.9999997615814209,
    -0.00099999981466680765,
    0,
    0,
    -1,
    0
  ],
  "cameraPoseARFrame" : [
    0.11376853287220001,
    0.97337895631790161,
    0.19897286593914032,
    -0.38589927554130554,
    -0.94128239154815674,
    0.041526719927787781,
    0.3350561261177063,
    -0.16668039560317993,
    0.31787392497062683,
    -0.22540861368179321,
    0.92094910144805908,
    0.59596055746078491,
    0,
    0,
    0,
    0.99999988079071045
  ]
}