{
  "exposureDuration" : 0.0099999997764825821,
  "intrinsics" : [
    1461.480712890625,
    0,
    928.9482421875,
    0,
    1461.480712890625,
    713.30731201171875,
    0,
    0,
    1
  ],
  "averageVelocity" : 0.15827055275440216,
  "cameraPoseARFrame" : [
    0.44135358929634094,
    0.81646788120269775,
    0.37227299809455872,
    -0.22786961495876312,
    -0.89175897836685181,
    0.35291609168052673,
    0.28322353959083557,
    0.37645190954208374,
    0.099861718714237213,
    -0.45697975158691406,
    0.88385343551635742,
    0.58384412527084351,
    0,
    0,
    0,
    0.9999997615814209
  ],
  "time" : 574404.21840237512,
  "projectionMatrix" : [
    1.5223757028579712,
    0,
    0.031824767589569092,
    0,
    0,
    2.0298342704772949,
    -0.0086009502410888672,
    0,
    0,
    0,
    -0.9999997615814209,
    -0.00099999981466680765,
    0,
    0,
    -1,
    0
  ],
  "averageAngularVelocity" : 0.20226176083087921,
  "frame_index" : 135,
  "motionQuality" : 0.94221091270446777,
  "cameraGrain" : 0
}