{
  "intrinsics" : [
    1460.8006591796875,
    0,
    928.13446044921875,
    0,
    1460.8006591796875,
    725.3787841796875,
    0,
    0,
    1
  ],
  "motionQuality" : 0.91891419887542725,
  "frame_index" : 65,
  "time" : 574398.20746745844,
  "cameraGrain" : 0.0086995260789990425,
  "cameraPoseARFrame" : [
    0.176825150847435,
    0.94301223754882812,
    0.28188812732696533,
    -0.43666407465934753,
    -0.88094556331634521,
    0.0239120963960886,
    0.4726128876209259,
    -0.038638059049844742,
    0.43893918395042419,
    -0.33189800381660461,
    0.83497065305709839,
    0.62130153179168701,
    0,
    0,
    0,
    0.99999988079071045
  ],
  "averageVelocity" : 0.28380021452903748,
  "projectionMatrix" : [
    1.5216673612594604,
    0,
    0.032672464847564697,
    0,
    0,
    2.0288898944854736,
    0.0081650018692016602,
    0,
    0,
    0,
    -0.9999997615814209,
    -0.00099999981466680765,
    0,
    0,
    -1,
    0
  ],
  "exposureDuration" : 0.0099999997764825821,
  "averageAngularVelocity" : 0.075950607657432556
}