{
  "averageAngularVelocity" : 0.23985004425048828,
  "cameraGrain" : 0.034857340157032013,
  "motionQuality" : 0.93147140741348267,
  "exposureDuration" : 0.0099999997764825821,
  "averageVelocity" : 0.10181610286235809,
  "projectionMatrix" : [
    1.5229378938674927,
    0,
    0.03354954719543457,
    0,
    0,
    2.0305838584899902,
    0.0055000185966491699,
    0,
    0,
    0,
    -0.9999997615814209,
    -0.00099999981466680765,
    0,
    0,
    -1,
    0
  ],
  "cameraPoseARFrame" : [
    0.11117211729288101,
    0.9743533730506897,
    0.19564276933670044,
    -0.50705718994140625,
    -0.91248404979705811,
    0.022086232900619507,
    0.40851491689682007,
    -0.3167266845703125,
    0.39371693134307861,
    -0.2239365428686142,
    0.89153748750686646,
    0.61637943983078003,
    0,
    0,
    0,
    0.9999997615814209
  ],
  "frame_index" : 89,
  "intrinsics" : [
    1462.0203857421875,
    0,
    927.29241943359375,
    0,
    1462.0203857421875,
    723.46002197265625,
    0,
    0,
    1
  ],
  "time" : 574400.31151208351
}