{
  "projectionMatrix" : [
    1.5197699069976807,
    0,
    0.032968819141387939,
    0,
    0,
    2.0263597965240479,
    0.0037500858306884766,
    0,
    0,
    0,
    -0.9999997615814209,
    -0.00099999981466680765,
    0,
    0,
    -1,
    0
  ],
  "time" : 574408.89335070841,
  "intrinsics" : [
    1458.9791259765625,
    0,
    927.84991455078125,
    0,
    1458.9791259765625,
    722.2000732421875,
    0,
    0,
    1
  ],
  "averageVelocity" : 0.18279948830604553,
  "averageAngularVelocity" : 0.27929520606994629,
  "cameraGrain" : 0,
  "motionQuality" : 0.92020136117935181,
  "exposureDuration" : 0.0099999997764825821,
  "frame_index" : 191,
  "cameraPoseARFrame" : [
    -0.017187155783176422,
    0.97120827436447144,
    -0.23761054873466492,
    0.14883889257907867,
    -0.89229679107666016,
    0.092324011027812958,
    0.44190752506256104,
    0.010051119141280651,
    0.45112144947052002,
    0.21961425244808197,
    0.86501944065093994,
    0.75354188680648804,
    0,
    0,
    0,
    0.9999997615814209
  ]
}