{
  "projectionMatrix" : [
    1.5212619304656982,
    0,
    0.030726850032806396,
    0,
    0,
    2.0283493995666504,
    -0.012268543243408203,
    0,
    0,
    0,
    -0.9999997615814209,
    -0.00099999981466680765,
    0,
    0,
    -1,
    0
  ],
  "cameraPoseARFrame" : [
    0.31656071543693542,
    0.94749534130096436,
    0.045184087008237839,
    -0.064300857484340668,
    -0.93804150819778442,
    0.30561304092407227,
    0.16333507001399994,
    0.42167001962661743,
    0.14095039665699005,
    -0.094090104103088379,
    0.98553520441055298,
    0.66677397489547729,
    0,
    0,
    0,
    0.9999997615814209
  ],
  "time" : 574405.65235683345,
  "frame_index" : 154,
  "cameraGrain" : 0,
  "averageVelocity" : 0.29634883999824524,
  "averageAngularVelocity" : 0.45939666032791138,
  "exposureDuration" : 0.0099999997764825821,
  "intrinsics" : [
    1460.4114990234375,
    0,
    930.002197265625,
    0,
    1460.4114990234375,
    710.6666259765625,
    0,
    0,
    1
  ],
  "motionQuality" : 0.86874377727508545
}