{
  "motionQuality" : 0.93500924110412598,
  "projectionMatrix" : [
    1.5217431783676147,
    0,
    0.033568203449249268,
    0,
    0,
    2.0289907455444336,
    -0.0048856735229492188,
    0,
    0,
    0,
    -0.9999997615814209,
    -0.00099999981466680765,
    0,
    0,
    -1,
    0
  ],
  "averageVelocity" : 0.2224753201007843,
  "exposureDuration" : 0.0099999997764825821,
  "intrinsics" : [
    1460.8734130859375,
    0,
    927.2745361328125,
    0,
    1460.8734130859375,
    715.9822998046875,
    0,
    0,
    1
  ],
  "time" : 574403.61617950012,
  "averageAngularVelocity" : 0.2274676114320755,
  "cameraGrain" : 0,
  "cameraPoseARFrame" : [
    0.40872672200202942,
    0.79312461614608765,
    0.4515482485294342,
    -0.22218485176563263,
    -0.90919464826583862,
    0.31079429388046265,
    0.2770768404006958,
    0.28156101703643799,
    0.07941783219575882,
    -0.52379411458969116,
    0.84813475608825684,
    0.60738015174865723,
    0,
    0,
    0,
    0.99999982118606567
  ],
  "frame_index" : 128
}