{
  "cameraPoseARFrame" : [
    0.32962533831596375,
    0.86812174320220947,
    0.37109524011611938,
    -0.34384563565254211,
    -0.88231945037841797,
    0.14339238405227661,
    0.44827529788017273,
    0.097447805106639862,
    0.3359452486038208,
    -0.47518762946128845,
    0.81322658061981201,
    0.62773185968399048,
    0,
    0,
    0,
    0.99999988079071045
  ],
  "averageAngularVelocity" : 0.29695150256156921,
  "averageVelocity" : 0.19107310473918915,
  "intrinsics" : [
    1460.8475341796875,
    0,
    930.913330078125,
    0,
    1460.8475341796875,
    717.39703369140625,
    0,
    0,
    1
  ],
  "frame_index" : 53,
  "motionQuality" : 0.91515672206878662,
  "time" : 574397.1683787501,
  "cameraGrain" : 0,
  "exposureDuration" : 0.0099999997764825821,
  "projectionMatrix" : [
    1.5217162370681763,
    0,
    0.029777765274047852,
    0,
    0,
    2.0289549827575684,
    -0.0029207468032836914,
    0,
    0,
    0,
    -0.9999997615814209,
    -0.00099999981466680765,
    0,
    0,
    -1,
    0
  ]
}