{
  "time" : 574405.35298075015,
  "intrinsics" : [
    1460.56201171875,
    0,
    932.5001220703125,
    0,
    1460.56201171875,
    708.3609619140625,
    0,
    0,
    1
  ],
  "frame_index" : 150,
  "motionQuality" : 0.85659748315811157,
  "projectionMatrix" : [
    1.5214188098907471,
    0,
    0.028124868869781494,
    0,
    0,
    2.0285582542419434,
    -0.01547086238861084,
    0,
    0,
    0,
    -0.9999997615814209,
    -0.00099999981466680765,
    0,
    0,
    -1,
    0
  ],
  "cameraPoseARFrame" : [
    0.40410077571868896,
    0.89207756519317627,
    0.20223812758922577,
    -0.14228592813014984,
    -0.91280859708786011,
    0.37901493906974792,
    0.15207834541797638,
    0.46893543004989624,
    0.059014357626438141,
    -0.24605974555015564,
    0.96745634078979492,
    0.66007184982299805,
    0,
    0,
    0,
    0.99999988079071045
  ],
  "averageVelocity" : 0.30292415618896484,
  "averageAngularVelocity" : 0.50190877914428711,
  "cameraGrain" : 0,
  "exposureDuration" : 0.0099999997764825821
}