{
  "intrinsics" : [
    1461.3458251953125,
    0,
    927.81243896484375,
    0,
    1461.3458251953125,
    723.56982421875,
    0,
    0,
    1
  ],
  "averageVelocity" : 0.30879262089729309,
  "time" : 574401.91398129181,
  "cameraPoseARFrame" : [
    0.11348904669284821,
    0.95791566371917725,
    0.26366248726844788,
    -0.20026907324790955,
    -0.95244699716567993,
    0.029362980276346207,
    0.30328565835952759,
    -0.051248852163553238,
    0.28278017044067383,
    -0.28554427623748779,
    0.91569638252258301,
    0.61444789171218872,
    0,
    0,
    0,
    0.99999988079071045
  ],
  "averageAngularVelocity" : 0.17869144678115845,
  "motionQuality" : 0.91177356243133545,
  "projectionMatrix" : [
    1.5222352743148804,
    0,
    0.03300786018371582,
    0,
    0,
    2.0296468734741211,
    0.0056525468826293945,
    0,
    0,
    0,
    -0.9999997615814209,
    -0.00099999981466680765,
    0,
    0,
    -1,
    0
  ],
  "frame_index" : 107,
  "cameraGrain" : 0,
  "exposureDuration" : 0.0099999997764825821
}