{
  "projectionMatrix" : [
    1.5202023983001709,
    0,
    0.034572899341583252,
    0,
    0,
    2.0269365310668945,
    0.0028012394905090332,
    0,
    0,
    0,
    -0.9999997615814209,
    -0.00099999981466680765,
    0,
    0,
    -1,
    0
  ],
  "time" : 574407.95714087517,
  "intrinsics" : [
    1459.394287109375,
    0,
    926.30999755859375,
    0,
    1459.394287109375,
    721.51690673828125,
    0,
    0,
    1
  ],
  "cameraPoseARFrame" : [
    -0.0068198875524103642,
    0.95299899578094482,
    -0.30289658904075623,
    0.17868912220001221,
    -0.94470548629760742,
    0.093168601393699646,
    0.31440553069114685,
    0.14853094518184662,
    0.32784867286682129,
    0.28829225897789001,
    0.89966809749603271,
    0.76356208324432373,
    0,
    0,
    0,
    0.99999982118606567
  ],
  "averageAngularVelocity" : 0.16598601639270782,
  "exposureDuration" : 0.0099999997764825821,
  "cameraGrain" : 0,
  "frame_index" : 181,
  "motionQuality" : 0.9525754451751709,
  "averageVelocity" : 0.13900566101074219
}