{
  "averageAngularVelocity" : 0.095068313181400299,
  "averageVelocity" : 0.13914179801940918,
  "time" : 574407.69040883344,
  "exposureDuration" : 0.0099999997764825821,
  "motionQuality" : 0.96024519205093384,
  "projectionMatrix" : [
    1.5203536748886108,
    0,
    0.034503579139709473,
    0,
    0,
    2.0271382331848145,
    0.0023259520530700684,
    0,
    0,
    0,
    -0.9999997615814209,
    -0.00099999981466680765,
    0,
    0,
    -1,
    0
  ],
  "intrinsics" : [
    1459.53955078125,
    0,
    926.3765869140625,
    0,
    1459.53955078125,
    721.1746826171875,
    0,
    0,
    1
  ],
  "cameraPoseARFrame" : [
    0.0061551295220851898,
    0.95492923259735107,
    -0.29676935076713562,
    0.17031857371330261,
    -0.95407354831695557,
    0.094496294856071472,
    0.28427737951278687,
    0.18321996927261353,
    0.2995084822177887,
    0.28139004111289978,
    0.91165459156036377,
    0.76212859153747559,
    0,
    0,
    0,
    0.99999988079071045
  ],
  "frame_index" : 178,
  "cameraGrain" : 0
}