{
  "exposureDuration" : 0.0099999997764825821,
  "intrinsics" : [
    1459.5032958984375,
    0,
    925.54345703125,
    0,
    1459.5032958984375,
    722.087646484375,
    0,
    0,
    1
  ],
  "averageAngularVelocity" : 0.15250389277935028,
  "time" : 574394.96540683345,
  "averageVelocity" : 0.3035241961479187,
  "motionQuality" : 0.91327881813049316,
  "frame_index" : 27,
  "cameraPoseARFrame" : [
    0.23927927017211914,
    0.89261174201965332,
    0.38208615779876709,
    -0.29188719391822815,
    -0.94236838817596436,
    0.11871977895498276,
    0.31280526518821716,
    0.20156687498092651,
    0.23385247588157654,
    -0.43491378426551819,
    0.86957627534866333,
    0.76701980829238892,
    0,
    0,
    0,
    0.99999988079071045
  ],
  "cameraGrain" : 0,
  "projectionMatrix" : [
    1.5203158855438232,
    0,
    0.03537142276763916,
    0,
    0,
    2.027087926864624,
    0.0035939812660217285,
    0,
    0,
    0,
    -0.9999997615814209,
    -0.00099999981466680765,
    0,
    0,
    -1,
    0
  ]
}