{
  "time" : 574406.35428616684,
  "projectionMatrix" : [
    1.5207537412643433,
    0,
    0.034823596477508545,
    0,
    0,
    2.0276715755462646,
    -0.0038474798202514648,
    0,
    0,
    0,
    -0.9999997615814209,
    -0.00099999981466680765,
    0,
    0,
    -1,
    0
  ],
  "motionQuality" : 0.9241289496421814,
  "exposureDuration" : 0.0099999997764825821,
  "intrinsics" : [
    1459.923583984375,
    0,
    926.0693359375,
    0,
    1459.923583984375,
    716.72979736328125,
    0,
    0,
    1
  ],
  "cameraPoseARFrame" : [
    0.17054581642150879,
    0.97150719165802002,
    -0.16458344459533691,
    0.050105813890695572,
    -0.96373862028121948,
    0.19925226271152496,
    0.17749904096126556,
    0.34317618608474731,
    0.20523524284362793,
    0.12834368646144867,
    0.97026079893112183,
    0.70662903785705566,
    0,
    0,
    0,
    0.9999997615814209
  ],
  "averageVelocity" : 0.21310853958129883,
  "averageAngularVelocity" : 0.2655487060546875,
  "cameraGrain" : 0,
  "frame_index" : 162
}