{
  "cameraPoseARFrame" : [
    0.025231238454580307,
    0.98856300115585327,
    -0.14868216216564178,
    0.044741783291101456,
    -0.8026919960975647,
    0.10868415236473083,
    0.5864066481590271,
    -0.092452183365821838,
    0.59585946798324585,
    0.10455020517110825,
    0.79625403881072998,
    0.68111902475357056,
    0,
    0,
    0,
    0.9999997615814209
  ],
  "averageAngularVelocity" : 0.39456439018249512,
  "averageVelocity" : 0.24584080278873444,
  "frame_index" : 201,
  "motionQuality" : 0.88726729154586792,
  "projectionMatrix" : [
    1.5202778577804565,
    0,
    0.030582964420318604,
    0,
    0,
    2.0270371437072754,
    0.0033537149429321289,
    0,
    0,
    0,
    -0.9999997615814209,
    -0.00099999981466680765,
    0,
    0,
    -1,
    0
  ],
  "intrinsics" : [
    1459.466796875,
    0,
    930.140380859375,
    0,
    1459.466796875,
    721.9146728515625,
    0,
    0,
    1
  ],
  "cameraGrain" : 0,
  "time" : 574409.72706258344,
  "exposureDuration" : 0.0099999997764825821
}