{
  "averageAngularVelocity" : 0.12218771874904633,
  "intrinsics" : [
    1461.688232421875,
    0,
    929.325927734375,
    0,
    1461.688232421875,
    723.41473388671875,
    0,
    0,
    1
  ],
  "motionQuality" : 0.9429631233215332,
  "projectionMatrix" : [
    1.5225919485092163,
    0,
    0.031431317329406738,
    0,
    0,
    2.0301225185394287,
    0.0054371356964111328,
    0,
    0,
    0,
    -0.9999997615814209,
    -0.00099999981466680765,
    0,
    0,
    -1,
    0
  ],
  "frame_index" : 82,
  "averageVelocity" : 0.19962914288043976,
  "exposureDuration" : 0.0099999997764825821,
  "time" : 574399.71019633347,
  "cameraPoseARFrame" : [
    0.11796124279499054,
    0.97547131776809692,
    0.18585227429866791,
    -0.51866525411605835,
    -0.91155749559402466,
    0.032133094966411591,
    0.40991464257240295,
    -0.27075064182281494,
    0.39388787746429443,
    -0.21776913106441498,
    0.89298868179321289,
    0.61703318357467651,
    0,
    0,
    0,
    0.99999988079071045
  ],
  "cameraGrain" : 0
}