{
  "cameraGrain" : 0,
  "cameraPoseARFrame" : [
    0.39957731962203979,
    0.85893386602401733,
    0.3202664852142334,
    -0.34501844644546509,
    -0.85637873411178589,
    0.22512280941009521,
    0.46468794345855713,
    0.22766804695129395,
    0.32703694701194763,
    -0.45994827151298523,
    0.82552677392959595,
    0.58479273319244385,
    0,
    0,
    0,
    0.99999994039535522
  ],
  "averageVelocity" : 0.069611921906471252,
  "exposureDuration" : 0.0099999997764825821,
  "time" : 574396.03353379178,
  "motionQuality" : 0.98011088371276855,
  "intrinsics" : [
    1460.8265380859375,
    0,
    929.77911376953125,
    0,
    1460.8265380859375,
    718.857666015625,
    0,
    0,
    1
  ],
  "averageAngularVelocity" : 0,
  "frame_index" : 40,
  "projectionMatrix" : [
    1.5216943025588989,
    0,
    0.030959248542785645,
    0,
    0,
    2.0289256572723389,
    -0.00089216232299804688,
    0,
    0,
    0,
    -0.9999997615814209,
    -0.00099999981466680765,
    0,
    0,
    -1,
    0
  ]
}