{
  "projectionMatrix" : [
    1.5211753845214844,
    0,
    0.029703855514526367,
    0,
    0,
    2.0282337665557861,
    -0.012324213981628418,
    0,
    0,
    0,
    -0.9999997615814209,
    -0.00099999981466680765,
    0,
    0,
    -1,
    0
  ],
  "exposureDuration" : 0.0099999997764825821,
  "motionQuality" : 0.89449483156204224,
  "intrinsics" : [
    1460.328369140625,
    0,
    930.98431396484375,
    0,
    1460.328369140625,
    710.62652587890625,
    0,
    0,
    1
  ],
  "averageAngularVelocity" : 0.36926817893981934,
  "time" : 574405.11770708347,
  "averageVelocity" : 0.1500537246465683,
  "cameraPoseARFrame" : [
    0.4981246292591095,
    0.8163641095161438,
    0.29226931929588318,
    -0.19720107316970825,
    -0.86620742082595825,
    0.45315608382225037,
    0.21055582165718079,
    0.4908185601234436,
    0.03944653645157814,
    -0.35804909467697144,
    0.93286901712417603,
    0.64461439847946167,
    0,
    0,
    0,
    0.9999997615814209
  ],
  "frame_index" : 146,
  "cameraGrain" : 0
}