{
  "cameraGrain" : 0,
  "averageAngularVelocity" : 0.32786163687705994,
  "exposureDuration" : 0.0099999997764825821,
  "motionQuality" : 0.90632522106170654,
  "time" : 574403.28172625008,
  "frame_index" : 123,
  "averageVelocity" : 0.20711767673492432,
  "intrinsics" : [
    1460.904541015625,
    0,
    927.01654052734375,
    0,
    1460.904541015625,
    719.2811279296875,
    0,
    0,
    1
  ],
  "cameraPoseARFrame" : [
    0.36412018537521362,
    0.85409766435623169,
    0.37139421701431274,
    -0.17009598016738892,
    -0.92295008897781372,
    0.27746286988258362,
    0.26679039001464844,
    0.23038715124130249,
    0.1248169019818306,
    -0.43992233276367188,
    0.88931953907012939,
    0.6134611964225769,
    0,
    0,
    0,
    0.99999988079071045
  ],
  "projectionMatrix" : [
    1.5217756032943726,
    0,
    0.033836960792541504,
    0,
    0,
    2.0290341377258301,
    -0.00030398368835449219,
    0,
    0,
    0,
    -0.9999997615814209,
    -0.00099999981466680765,
    0,
    0,
    -1,
    0
  ]
}