{
  "frame_index" : 203,
  "intrinsics" : [
    1459.165771484375,
    0,
    930.74835205078125,
    0,
    1459.165771484375,
    721.4500732421875,
    0,
    0,
    1
  ],
  "motionQuality" : 0.88953137397766113,
  "averageVelocity" : 0.23047831654548645,
  "projectionMatrix" : [
    1.519964337348938,
    0,
    0.029949605464935303,
    0,
    0,
    2.0266191959381104,
    0.00270843505859375,
    0,
    0,
    0,
    -0.9999997615814209,
    -0.00099999981466680765,
    0,
    0,
    -1,
    0
  ],
  "cameraPoseARFrame" : [
    0.042793631553649902,
    0.99433916807174683,
    -0.097254194319248199,
    0.018912747502326965,
    -0.79898804426193237,
    0.0925026535987854,
    0.59418940544128418,
    -0.096517801284790039,
    0.59982210397720337,
    0.052277371287345886,
    0.79842376708984375,
    0.66477978229522705,
    0,
    0,
    0,
    0.99999994039535522
  ],
  "time" : 574409.86199558352,
  "averageAngularVelocity" : 0.38664019107818604,
  "exposureDuration" : 0.0099999997764825821,
  "cameraGrain" : 0
}