{
  "averageAngularVelocity" : 0.31059318780899048,
  "exposureDuration" : 0.0099999997764825821,
  "time" : 574404.41643350013,
  "frame_index" : 137,
  "intrinsics" : [
    1461.439208984375,
    0,
    928.944091796875,
    0,
    1461.439208984375,
    712.6053466796875,
    0,
    0,
    1
  ],
  "averageVelocity" : 0.24828338623046875,
  "cameraGrain" : 0,
  "projectionMatrix" : [
    1.5223325490951538,
    0,
    0.03182905912399292,
    0,
    0,
    2.0297765731811523,
    -0.009575963020324707,
    0,
    0,
    0,
    -0.9999997615814209,
    -0.00099999981466680765,
    0,
    0,
    -1,
    0
  ],
  "motionQuality" : 0.91125911474227905,
  "cameraPoseARFrame" : [
    0.45328614115715027,
    0.82725876569747925,
    0.33192563056945801,
    -0.20572726428508759,
    -0.88742709159851074,
    0.38386398553848267,
    0.25518852472305298,
    0.41722911596298218,
    0.083692647516727448,
    -0.41023337841033936,
    0.90813219547271729,
    0.59055870771408081,
    0,
    0,
    0,
    0.99999988079071045
  ]
}