{
  "motionQuality" : 0.95112669467926025,
  "intrinsics" : [
    1459.041259765625,
    0,
    926.02490234375,
    0,
    1459.041259765625,
    723.50445556640625,
    0,
    0,
    1
  ],
  "averageAngularVelocity" : 0.17105656862258911,
  "frame_index" : 11,
  "projectionMatrix" : [
    1.5198346376419067,
    0,
    0.034869909286499023,
    0,
    0,
    2.0264461040496826,
    0.0055617690086364746,
    0,
    0,
    0,
    -0.9999997615814209,
    -0.00099999981466680765,
    0,
    0,
    -1,
    0
  ],
  "cameraGrain" : 0,
  "time" : 574393.72869691683,
  "cameraPoseARFrame" : [
    0.13000194728374481,
    0.90841662883758545,
    0.3973395824432373,
    -0.28169280290603638,
    -0.96999555826187134,
    0.033486977219581604,
    0.24080464243888855,
    0.15017169713973999,
    0.20544523000717163,
    -0.41672283411026001,
    0.88551360368728638,
    0.95507127046585083,
    0,
    0,
    0,
    0.99999988079071045
  ],
  "averageVelocity" : 0.024318324401974678,
  "exposureDuration" : 0.0099999997764825821
}