{
  "averageAngularVelocity" : 0.36249473690986633,
  "frame_index" : 155,
  "time" : 574405.7523904168,
  "exposureDuration" : 0.0099999997764825821,
  "cameraGrain" : 0,
  "averageVelocity" : 0.27711203694343567,
  "cameraPoseARFrame" : [
    0.28899210691452026,
    0.95730745792388916,
    0.0067935958504676819,
    -0.041916757822036743,
    -0.94403451681137085,
    0.28379231691360474,
    0.16810822486877441,
    0.4065624475479126,
    0.15900328755378723,
    -0.05499541386961937,
    0.98574501276016235,
    0.6720539927482605,
    0,
    0,
    0,
    0.99999994039535522
  ],
  "intrinsics" : [
    1460.401123046875,
    0,
    928.75299072265625,
    0,
    1460.401123046875,
    712.44012451171875,
    0,
    0,
    1
  ],
  "projectionMatrix" : [
    1.5212512016296387,
    0,
    0.032028138637542725,
    0,
    0,
    2.0283348560333252,
    -0.0098054409027099609,
    0,
    0,
    0,
    -0.9999997615814209,
    -0.00099999981466680765,
    0,
    0,
    -1,
    0
  ],
  "motionQuality" : 0.89643007516860962
}