{
  "cameraGrain" : 0,
  "projectionMatrix" : [
    1.5207861661911011,
    0,
    0.034721791744232178,
    0,
    0,
    2.0277149677276611,
    -0.0014121532440185547,
    0,
    0,
    0,
    -0.9999997615814209,
    -0.00099999981466680765,
    0,
    0,
    -1,
    0
  ],
  "frame_index" : 167,
  "intrinsics" : [
    1459.9547119140625,
    0,
    926.16705322265625,
    0,
    1459.9547119140625,
    718.48321533203125,
    0,
    0,
    1
  ],
  "averageAngularVelocity" : 0.1559843122959137,
  "motionQuality" : 0.95543307065963745,
  "averageVelocity" : 0.15329432487487793,
  "exposureDuration" : 0.0099999997764825821,
  "cameraPoseARFrame" : [
    0.083616010844707489,
    0.9680902361869812,
    -0.23624077439308167,
    0.11334262788295746,
    -0.96965259313583374,
    0.13370080292224884,
    0.20468924939632416,
    0.30964541435241699,
    0.22974325716495514,
    0.21195615828037262,
    0.94989079236984253,
    0.7291412353515625,
    0,
    0,
    0,
    0.99999994039535522
  ],
  "time" : 574406.75518795848
}