{
  "cameraGrain" : 0.02523040771484375,
  "intrinsics" : [
    1462.0931396484375,
    0,
    925.430419921875,
    0,
    1462.0931396484375,
    723.4327392578125,
    0,
    0,
    1
  ],
  "frame_index" : 97,
  "motionQuality" : 0.892303466796875,
  "projectionMatrix" : [
    1.523013710975647,
    0,
    0.035489141941070557,
    0,
    0,
    2.0306849479675293,
    0.0054621100425720215,
    0,
    0,
    0,
    -0.9999997615814209,
    -0.00099999981466680765,
    0,
    0,
    -1,
    0
  ],
  "cameraPoseARFrame" : [
    0.11310059577226639,
    0.96897482872009277,
    0.21976399421691895,
    -0.42990231513977051,
    -0.9328804612159729,
    0.027434609830379486,
    0.35913932323455811,
    -0.21899086236953735,
    0.34196782112121582,
    -0.24563251435756683,
    0.90704059600830078,
    0.59019613265991211,
    0,
    0,
    0,
    0.99999994039535522
  ],
  "averageVelocity" : 0.37693795561790466,
  "averageAngularVelocity" : 0.15621033310890198,
  "exposureDuration" : 0.0099999997764825821,
  "time" : 574401.04337720841
}