{
  "exposureDuration" : 0.0099999997764825821,
  "averageAngularVelocity" : 0.11629921942949295,
  "cameraGrain" : 0,
  "motionQuality" : 0.95540046691894531,
  "cameraPoseARFrame" : [
    0.43984058499336243,
    0.84489703178405762,
    0.30444902181625366,
    -0.36247232556343079,
    -0.83232653141021729,
    0.25617825984954834,
    0.49153316020965576,
    0.20169323682785034,
    0.33730167150497437,
    -0.46959739923477173,
    0.81590795516967773,
    0.58217555284500122,
    0,
    0,
    0,
    0.99999988079071045
  ],
  "time" : 574396.63352825015,
  "frame_index" : 47,
  "projectionMatrix" : [
    1.5223053693771362,
    0,
    0.028826892375946045,
    0,
    0,
    2.029740571975708,
    -0.0039635896682739258,
    0,
    0,
    0,
    -0.9999997615814209,
    -0.00099999981466680765,
    0,
    0,
    -1,
    0
  ],
  "intrinsics" : [
    1461.4132080078125,
    0,
    931.826171875,
    0,
    1461.4132080078125,
    716.64617919921875,
    0,
    0,
    1
  ],
  "averageVelocity" : 0.15609836578369141
}