{
  "motionQuality" : 0.93203508853912354,
  "intrinsics" : [
    1460.5308837890625,
    0,
    932.09515380859375,
    0,
    1460.5308837890625,
    716.94915771484375,
    0,
    0,
    1
  ],
  "averageAngularVelocity" : 0.17049384117126465,
  "frame_index" : 49,
  "projectionMatrix" : [
    1.5213863849639893,
    0,
    0.028546690940856934,
    0,
    0,
    2.028515100479126,
    -0.003542780876159668,
    0,
    0,
    0,
    -0.9999997615814209,
    -0.00099999981466680765,
    0,
    0,
    -1,
    0
  ],
  "cameraGrain" : 0,
  "time" : 574396.80439266679,
  "cameraPoseARFrame" : [
    0.42117640376091003,
    0.84763830900192261,
    0.32267573475837708,
    -0.35892266035079956,
    -0.84034687280654907,
    0.23085871338844299,
    0.49042937159538269,
    0.16846555471420288,
    0.34121426939964294,
    -0.47771704196929932,
    0.80954259634017944,
    0.60014033317565918,
    0,
    0,
    0,
    0.99999988079071045
  ],
  "averageVelocity" : 0.23787716031074524,
  "exposureDuration" : 0.0099999997764825821
}