{
  "intrinsics" : [
    1461.3663330078125,
    0,
    927.0638427734375,
    0,
    1461.3663330078125,
    723.7034912109375,
    0,
    0,
    1
  ],
  "averageVelocity" : 0.33424785733222961,
  "time" : 574402.01367320842,
  "cameraPoseARFrame" : [
    0.1119556799530983,
    0.96012449264526367,
    0.25617748498916626,
    -0.17211748659610748,
    -0.95557188987731934,
    0.033281490206718445,
    0.29287245869636536,
    -0.032395783811807632,
    0.27266806364059448,
    -0.27758491039276123,
    0.92119413614273071,
    0.61433595418930054,
    0,
    0,
    0,
    0.99999988079071045
  ],
  "averageAngularVelocity" : 0.17497541010379791,
  "motionQuality" : 0.90450060367584229,
  "projectionMatrix" : [
    1.52225661277771,
    0,
    0.033787667751312256,
    0,
    0,
    2.0296754837036133,
    0.0058381557464599609,
    0,
    0,
    0,
    -0.9999997615814209,
    -0.00099999981466680765,
    0,
    0,
    -1,
    0
  ],
  "frame_index" : 108,
  "cameraGrain" : 0,
  "exposureDuration" : 0.0099999997764825821
}