{
  "time" : 574409.19383604184,
  "cameraGrain" : 0,
  "frame_index" : 195,
  "exposureDuration" : 0.0099999997764825821,
  "averageVelocity" : 0.17211347818374634,
  "averageAngularVelocity" : 0.2372448742389679,
  "cameraPoseARFrame" : [
    -0.041297357529401779,
    0.97949707508087158,
    -0.19718006253242493,
    0.12936544418334961,
    -0.85211372375488281,
    0.068521961569786072,
    0.51885116100311279,
    -0.041791860014200211,
    0.5217244029045105,
    0.18944701552391052,
    0.83181321620941162,
    0.74037730693817139,
    0,
    0,
    0,
    0.99999988079071045
  ],
  "projectionMatrix" : [
    1.5198779106140137,
    0,
    0.031990468502044678,
    0,
    0,
    2.0265038013458252,
    0.0037170648574829102,
    0,
    0,
    0,
    -0.9999997615814209,
    -0.00099999981466680765,
    0,
    0,
    -1,
    0
  ],
  "intrinsics" : [
    1459.082763671875,
    0,
    928.78912353515625,
    0,
    1459.082763671875,
    722.17626953125,
    0,
    0,
    1
  ],
  "motionQuality" : 0.93221575021743774
}