{
  "exposureDuration" : 0.0099999997764825821,
  "intrinsics" : [
    1459.6278076171875,
    0,
    926.9730224609375,
    0,
    1459.6278076171875,
    721.36700439453125,
    0,
    0,
    1
  ],
  "cameraGrain" : 0,
  "time" : 574395.16439854179,
  "projectionMatrix" : [
    1.5204455852508545,
    0,
    0.033882260322570801,
    0,
    0,
    2.0272607803344727,
    0.0025930404663085938,
    0,
    0,
    0,
    -0.9999997615814209,
    -0.00099999981466680765,
    0,
    0,
    -1,
    0
  ],
  "frame_index" : 29,
  "motionQuality" : 0.92204940319061279,
  "cameraPoseARFrame" : [
    0.26614990830421448,
    0.89156961441040039,
    0.36642560362815857,
    -0.29892781376838684,
    -0.92913472652435303,
    0.13606856763362885,
    0.34379297494888306,
    0.21397624909877777,
    0.25665628910064697,
    -0.43195948004722595,
    0.86460304260253906,
    0.71296340227127075,
    0,
    0,
    0,
    0.99999982118606567
  ],
  "averageAngularVelocity" : 0.18220481276512146,
  "averageVelocity" : 0.27282702922821045
}