{
  "time" : 574395.53369808348,
  "cameraGrain" : 0,
  "averageVelocity" : 0.20465674996376038,
  "motionQuality" : 0.92685520648956299,
  "projectionMatrix" : [
    1.5205971002578735,
    0,
    0.032502055168151855,
    0,
    0,
    2.0274627208709717,
    0.0014798641204833984,
    0,
    0,
    0,
    -0.9999997615814209,
    -0.00099999981466680765,
    0,
    0,
    -1,
    0
  ],
  "averageAngularVelocity" : 0.25600683689117432,
  "exposureDuration" : 0.0099999997764825821,
  "frame_index" : 34,
  "cameraPoseARFrame" : [
    0.33516862988471985,
    0.88371860980987549,
    0.32665517926216125,
    -0.31541541218757629,
    -0.88328325748443604,
    0.17409394681453705,
    0.43531784415245056,
    0.219501793384552,
    0.3278297483921051,
    -0.43443408608436584,
    0.83892476558685303,
    0.62733221054077148,
    0,
    0,
    0,
    0.99999988079071045
  ],
  "intrinsics" : [
    1459.773193359375,
    0,
    928.29803466796875,
    0,
    1459.773193359375,
    720.56549072265625,
    0,
    0,
    1
  ]
}