{
  "averageAngularVelocity" : 0.43621233105659485,
  "motionQuality" : 0.87536787986755371,
  "intrinsics" : [
    1460.9615478515625,
    0,
    928.57220458984375,
    0,
    1460.9615478515625,
    713.30230712890625,
    0,
    0,
    1
  ],
  "time" : 574403.98327516683,
  "cameraPoseARFrame" : [
    0.4081474244594574,
    0.82659685611724854,
    0.38749599456787109,
    -0.24027593433856964,
    -0.90980452299118042,
    0.33328297734260559,
    0.24734137952327728,
    0.34467548131942749,
    0.075305759906768799,
    -0.45349755883216858,
    0.88807022571563721,
    0.58933895826339722,
    0,
    0,
    0,
    0.9999997615814209
  ],
  "cameraGrain" : 0,
  "frame_index" : 132,
  "averageVelocity" : 0.17807900905609131,
  "projectionMatrix" : [
    1.5218349695205688,
    0,
    0.032216429710388184,
    0,
    0,
    2.0291132926940918,
    -0.0086078643798828125,
    0,
    0,
    0,
    -0.9999997615814209,
    -0.00099999981466680765,
    0,
    0,
    -1,
    0
  ],
  "exposureDuration" : 0.0099999997764825821
}