{
  "exposureDuration" : 0.0099999997764825821,
  "projectionMatrix" : [
    1.5216619968414307,
    0,
    0.033503353595733643,
    0,
    0,
    2.0288827419281006,
    -0.0062227249145507812,
    0,
    0,
    0,
    -0.9999997615814209,
    -0.00099999981466680765,
    0,
    0,
    -1,
    0
  ],
  "motionQuality" : 0.93803155422210693,
  "averageVelocity" : 0.21688961982727051,
  "time" : 574403.71541437518,
  "frame_index" : 129,
  "cameraPoseARFrame" : [
    0.42164120078086853,
    0.78370058536529541,
    0.45610541105270386,
    -0.2345237135887146,
    -0.90439927577972412,
    0.32717561721801758,
    0.27389347553253174,
    0.29896712303161621,
    0.065423883497714996,
    -0.52798634767532349,
    0.84672904014587402,
    0.60335862636566162,
    0,
    0,
    0,
    0.99999994039535522
  ],
  "intrinsics" : [
    1460.7955322265625,
    0,
    927.3367919921875,
    0,
    1460.7955322265625,
    715.0196533203125,
    0,
    0,
    1
  ],
  "averageAngularVelocity" : 0.11163820326328278,
  "cameraGrain" : 0
}