{
  "time" : 574393.66079091677,
  "cameraGrain" : 0,
  "averageVelocity" : 0.016210433095693588,
  "motionQuality" : 0.9809572696685791,
  "projectionMatrix" : [
    1.5198237895965576,
    0,
    0.034768283367156982,
    0,
    0,
    2.0264317989349365,
    0.0054699182510375977,
    0,
    0,
    0,
    -0.9999997615814209,
    -0.00099999981466680765,
    0,
    0,
    -1,
    0
  ],
  "averageAngularVelocity" : 0.066649660468101501,
  "exposureDuration" : 0.0099999997764825821,
  "frame_index" : 10,
  "cameraPoseARFrame" : [
    0.1278219074010849,
    0.91290408372879028,
    0.38764360547065735,
    -0.28179657459259033,
    -0.97165298461914062,
    0.036891046911478043,
    0.23351491987705231,
    0.15118573606014252,
    0.19887614250183105,
    -0.40650352835655212,
    0.89174163341522217,
    0.95643460750579834,
    0,
    0,
    0,
    0.99999982118606567
  ],
  "intrinsics" : [
    1459.0308837890625,
    0,
    926.1224365234375,
    0,
    1459.0308837890625,
    723.4383544921875,
    0,
    0,
    1
  ]
}