{
  "cameraPoseARFrame" : [
    -0.024117052555084229,
    0.97378641366958618,
    -0.2261824905872345,
    0.14550192654132843,
    -0.8827892541885376,
    0.085430875420570374,
    0.46193546056747437,
    -0.0022688508033752441,
    0.46914941072463989,
    0.21081197261810303,
    0.85758799314498901,
    0.75132530927658081,
    0,
    0,
    0,
    0.99999994039535522
  ],
  "frame_index" : 192,
  "motionQuality" : 0.90420377254486084,
  "averageAngularVelocity" : 0.33528688549995422,
  "averageVelocity" : 0.19131417572498322,
  "time" : 574408.96003966674,
  "exposureDuration" : 0.0099999997764825821,
  "projectionMatrix" : [
    1.5197157859802246,
    0,
    0.03272932767868042,
    0,
    0,
    2.0262875556945801,
    0.0034592747688293457,
    0,
    0,
    0,
    -0.9999997615814209,
    -0.00099999981466680765,
    0,
    0,
    -1,
    0
  ],
  "cameraGrain" : 0,
  "intrinsics" : [
    1458.9271240234375,
    0,
    928.079833984375,
    0,
    1458.9271240234375,
    721.99066162109375,
    0,
    0,
    1
  ]
}