{
  "cameraGrain" : 0.027277102693915367,
  "cameraPoseARFrame" : [
    0.12858025729656219,
    0.97605603933334351,
    0.17544686794281006,
    -0.53233432769775391,
    -0.89171713590621948,
    0.036379281431436539,
    0.45112812519073486,
    -0.22518622875213623,
    0.43394371867179871,
    -0.21445527672767639,
    0.87504369020462036,
    0.60762369632720947,
    0,
    0,
    0,
    0.99999988079071045
  ],
  "projectionMatrix" : [
    1.5226730108261108,
    0,
    0.031483888626098633,
    0,
    0,
    2.0302307605743408,
    0.0050819516181945801,
    0,
    0,
    0,
    -0.9999997615814209,
    -0.00099999981466680765,
    0,
    0,
    -1,
    0
  ],
  "frame_index" : 78,
  "averageAngularVelocity" : 0.16301076114177704,
  "time" : 574399.41005058342,
  "exposureDuration" : 0.0099999997764825821,
  "intrinsics" : [
    1461.76611328125,
    0,
    929.27545166015625,
    0,
    1461.76611328125,
    723.15899658203125,
    0,
    0,
    1
  ],
  "motionQuality" : 0.95342552661895752,
  "averageVelocity" : 0.1447426825761795
}