{
  "frame_index" : 118,
  "intrinsics" : [
    1460.4530029296875,
    0,
    926.1610107421875,
    0,
    1460.4530029296875,
    722.2587890625,
    0,
    0,
    1
  ],
  "averageAngularVelocity" : 0.13441574573516846,
  "averageVelocity" : 0.19984826445579529,
  "projectionMatrix" : [
    1.5213052034378052,
    0,
    0.034728109836578369,
    0,
    0,
    2.0284068584442139,
    0.0038316249847412109,
    0,
    0,
    0,
    -0.9999997615814209,
    -0.00099999981466680765,
    0,
    0,
    -1,
    0
  ],
  "cameraGrain" : 0,
  "cameraPoseARFrame" : [
    0.22546075284481049,
    0.92104363441467285,
    0.31756323575973511,
    -0.11657673865556717,
    -0.9660193920135498,
    0.16906061768531799,
    0.19551163911819458,
    0.17831838130950928,
    0.12638725340366364,
    -0.35085254907608032,
    0.92786252498626709,
    0.61327797174453735,
    0,
    0,
    0,
    0.99999994039535522
  ],
  "time" : 574402.88020508341,
  "motionQuality" : 0.94290047883987427,
  "exposureDuration" : 0.0099999997764825821
}