{
  "cameraGrain" : 0,
  "averageAngularVelocity" : 0.21842603385448456,
  "projectionMatrix" : [
    1.5203102827072144,
    0,
    0.034529745578765869,
    0,
    0,
    2.0270805358886719,
    0.0019703507423400879,
    0,
    0,
    0,
    -0.9999997615814209,
    -0.00099999981466680765,
    0,
    0,
    -1,
    0
  ],
  "frame_index" : 172,
  "cameraPoseARFrame" : [
    0.05555303767323494,
    0.95694804191589355,
    -0.28489333391189575,
    0.14338931441307068,
    -0.96542996168136597,
    0.12426178157329559,
    0.2291366308927536,
    0.25728535652160645,
    0.25467321276664734,
    0.2623153030872345,
    0.93076968193054199,
    0.74793452024459839,
    0,
    0,
    0,
    0.99999982118606567
  ],
  "intrinsics" : [
    1459.4979248046875,
    0,
    926.3514404296875,
    0,
    1459.4979248046875,
    720.91864013671875,
    0,
    0,
    1
  ],
  "time" : 574407.15402266674,
  "averageVelocity" : 0.17625138163566589,
  "exposureDuration" : 0.0099999997764825821,
  "motionQuality" : 0.93759256601333618
}