{
  "cameraGrain" : 0,
  "averageAngularVelocity" : 0.2361350804567337,
  "time" : 574398.70561204175,
  "intrinsics" : [
    1461.2626953125,
    0,
    930.2452392578125,
    0,
    1461.2626953125,
    723.6259765625,
    0,
    0,
    1
  ],
  "projectionMatrix" : [
    1.522148609161377,
    0,
    0.030473709106445312,
    0,
    0,
    2.0295314788818359,
    0.0057305097579956055,
    0,
    0,
    0,
    -0.9999997615814209,
    -0.00099999981466680765,
    0,
    0,
    -1,
    0
  ],
  "motionQuality" : 0.92602574825286865,
  "frame_index" : 70,
  "cameraPoseARFrame" : [
    0.1516614705324173,
    0.95383137464523315,
    0.25923845171928406,
    -0.53502631187438965,
    -0.87435734272003174,
    0.007146050687879324,
    0.4852297306060791,
    -0.12291813641786575,
    0.46097478270530701,
    -0.30025783181190491,
    0.83507329225540161,
    0.60469430685043335,
    0,
    0,
    0,
    0.99999988079071045
  ],
  "averageVelocity" : 0.25890997052192688,
  "exposureDuration" : 0.0099999997764825821
}