{
  "projectionMatrix" : [
    1.5220242738723755,
    0,
    0.031468451023101807,
    0,
    0,
    2.0293657779693604,
    0.0052115321159362793,
    0,
    0,
    0,
    -0.9999997615814209,
    -0.00099999981466680765,
    0,
    0,
    -1,
    0
  ],
  "motionQuality" : 0.89428824186325073,
  "averageAngularVelocity" : 0.3699912428855896,
  "averageVelocity" : 0.11266598105430603,
  "cameraGrain" : 0,
  "cameraPoseARFrame" : [
    0.12940192222595215,
    0.97425228357315063,
    0.18462854623794556,
    -0.54171264171600342,
    -0.89364635944366455,
    0.033892832696437836,
    0.44748982787132263,
    -0.19936269521713257,
    0.42971032857894897,
    -0.22289879620075226,
    0.87502288818359375,
    0.60491001605987549,
    0,
    0,
    0,
    0.99999988079071045
  ],
  "exposureDuration" : 0.0099999997764825821,
  "time" : 574399.20777525008,
  "frame_index" : 76,
  "intrinsics" : [
    1461.143310546875,
    0,
    929.290283203125,
    0,
    1461.143310546875,
    723.2523193359375,
    0,
    0,
    1
  ]
}