{
  "frame_index" : 138,
  "intrinsics" : [
    1460.8785400390625,
    0,
    928.62109375,
    0,
    1460.8785400390625,
    713.1226806640625,
    0,
    0,
    1
  ],
  "projectionMatrix" : [
    1.521748423576355,
    0,
    0.03216552734375,
    0,
    0,
    2.0289978981018066,
    -0.0088573694229125977,
    0,
    0,
    0,
    -0.9999997615814209,
    -0.00099999981466680765,
    0,
    0,
    -1,
    0
  ],
  "cameraPoseARFrame" : [
    0.46805518865585327,
    0.82268786430358887,
    0.32265925407409668,
    -0.20256310701370239,
    -0.88059389591217041,
    0.40362715721130371,
    0.24827258288860321,
    0.43141752481460571,
    0.074016794562339783,
    -0.40033712983131409,
    0.91337376832962036,
    0.595192551612854,
    0,
    0,
    0,
    0.99999988079071045
  ],
  "cameraGrain" : 0,
  "exposureDuration" : 0.0099999997764825821,
  "motionQuality" : 0.93205016851425171,
  "averageVelocity" : 0.23782433569431305,
  "averageAngularVelocity" : 0.20438145101070404,
  "time" : 574404.48415312509
}