{
  "exposureDuration" : 0.0099999997764825821,
  "intrinsics" : [
    1460.780029296875,
    0,
    929.8624267578125,
    0,
    1460.780029296875,
    711.7320556640625,
    0,
    0,
    1
  ],
  "averageVelocity" : 0,
  "cameraPoseARFrame" : [
    0.53676754236221313,
    0.78658479452133179,
    0.30522951483726501,
    -0.21154406666755676,
    -0.8425171971321106,
    0.48030310869216919,
    0.24387186765670776,
    0.49396538734436035,
    0.045223172754049301,
    -0.38806375861167908,
    0.92052233219146729,
    0.6343875527381897,
    0,
    0,
    0,
    0.99999994039535522
  ],
  "time" : 574404.98384437512,
  "projectionMatrix" : [
    1.5216459035873413,
    0,
    0.030872464179992676,
    0,
    0,
    2.0288610458374023,
    -0.010788798332214355,
    0,
    0,
    0,
    -0.9999997615814209,
    -0.00099999981466680765,
    0,
    0,
    -1,
    0
  ],
  "averageAngularVelocity" : 0.10852418839931488,
  "frame_index" : 144,
  "motionQuality" : 0.96899306774139404,
  "cameraGrain" : 0
}