{
  "intrinsics" : [
    1460.9200439453125,
    0,
    925.55615234375,
    0,
    1460.9200439453125,
    724.1746826171875,
    0,
    0,
    1
  ],
  "cameraGrain" : 0,
  "cameraPoseARFrame" : [
    0.1465919017791748,
    0.95777291059494019,
    0.2473500669002533,
    -0.10969236493110657,
    -0.95680385828018188,
    0.073820747435092926,
    0.28120547533035278,
    0.034916102886199951,
    0.25107142329216003,
    -0.27788802981376648,
    0.92722237110137939,
    0.61116600036621094,
    0,
    0,
    0,
    0.99999994039535522
  ],
  "projectionMatrix" : [
    1.5217916965484619,
    0,
    0.035358190536499023,
    0,
    0,
    2.0290555953979492,
    0.00649261474609375,
    0,
    0,
    0,
    -0.9999997615814209,
    -0.00099999981466680765,
    0,
    0,
    -1,
    0
  ],
  "averageAngularVelocity" : 0.068848036229610443,
  "exposureDuration" : 0.0099999997764825821,
  "averageVelocity" : 0.30014479160308838,
  "time" : 574402.31329625018,
  "frame_index" : 112,
  "motionQuality" : 0.91424435377120972
}