{
  "frame_index" : 147,
  "cameraGrain" : 0,
  "cameraPoseARFrame" : [
    0.48678585886955261,
    0.82603251934051514,
    0.28409463167190552,
    -0.19162221252918243,
    -0.87272429466247559,
    0.44601422548294067,
    0.19855253398418427,
    0.48931413888931274,
    0.037300612777471542,
    -0.34458893537521362,
    0.93801218271255493,
    0.64763182401657104,
    0,
    0,
    0,
    0.99999988079071045
  ],
  "projectionMatrix" : [
    1.5213431119918823,
    0,
    0.029062509536743164,
    0,
    0,
    2.0284574031829834,
    -0.013146758079528809,
    0,
    0,
    0,
    -0.9999997615814209,
    -0.00099999981466680765,
    0,
    0,
    -1,
    0
  ],
  "intrinsics" : [
    1460.4893798828125,
    0,
    931.5999755859375,
    0,
    1460.4893798828125,
    710.0343017578125,
    0,
    0,
    1
  ],
  "averageAngularVelocity" : 0.41424214839935303,
  "motionQuality" : 0.8816450834274292,
  "averageVelocity" : 0.17175565659999847,
  "time" : 574405.15127087513,
  "exposureDuration" : 0.0099999997764825821
}