{
  "exposureDuration" : 0.0099999997764825821,
  "averageAngularVelocity" : 0.35433995723724365,
  "averageVelocity" : 0.22123360633850098,
  "frame_index" : 124,
  "cameraPoseARFrame" : [
    0.38181844353675842,
    0.83702212572097778,
    0.39192920923233032,
    -0.18236346542835236,
    -0.91662770509719849,
    0.28863778710365295,
    0.27655285596847534,
    0.23909896612167358,
    0.11835528165102005,
    -0.46484637260437012,
    0.87744510173797607,
    0.61275672912597656,
    0,
    0,
    0,
    0.99999988079071045
  ],
  "projectionMatrix" : [
    1.5217214822769165,
    0,
    0.033712387084960938,
    0,
    0,
    2.0289621353149414,
    -0.0013704299926757812,
    0,
    0,
    0,
    -0.9999997615814209,
    -0.00099999981466680765,
    0,
    0,
    -1,
    0
  ],
  "time" : 574403.34848358342,
  "motionQuality" : 0.89876002073287964,
  "cameraGrain" : 0,
  "intrinsics" : [
    1460.8526611328125,
    0,
    927.1361083984375,
    0,
    1460.8526611328125,
    718.5133056640625,
    0,
    0,
    1
  ]
}