{
  "cameraGrain" : 0,
  "intrinsics" : [
    1462.404296875,
    0,
    925.6483154296875,
    0,
    1462.404296875,
    724.12322998046875,
    0,
    0,
    1
  ],
  "frame_index" : 96,
  "motionQuality" : 0.89303535223007202,
  "projectionMatrix" : [
    1.5233378410339355,
    0,
    0.035262167453765869,
    0,
    0,
    2.0311169624328613,
    0.0064211487770080566,
    0,
    0,
    0,
    -0.9999997615814209,
    -0.00099999981466680765,
    0,
    0,
    -1,
    0
  ],
  "cameraPoseARFrame" : [
    0.10863886028528214,
    0.96869337558746338,
    0.22322839498519897,
    -0.4368492066860199,
    -0.93251830339431763,
    0.021511601284146309,
    0.36048093438148499,
    -0.2292095422744751,
    0.34439349174499512,
    -0.24732695519924164,
    0.90566134452819824,
    0.59025633335113525,
    0,
    0,
    0,
    0.99999988079071045
  ],
  "averageVelocity" : 0.37437617778778076,
  "averageAngularVelocity" : 0.192522794008255,
  "exposureDuration" : 0.0099999997764825821,
  "time" : 574401.01228487515
}