{
  "frame_index" : 133,
  "intrinsics" : [
    1460.9615478515625,
    0,
    928.56817626953125,
    0,
    1460.9615478515625,
    713.25921630859375,
    0,
    0,
    1
  ],
  "cameraPoseARFrame" : [
    0.41219890117645264,
    0.82967454195022583,
    0.37647330760955811,
    -0.23857042193412781,
    -0.9068107008934021,
    0.33357921242713928,
    0.25771871209144592,
    0.3545149564743042,
    0.088238991796970367,
    -0.44762146472930908,
    0.88985884189605713,
    0.58546465635299683,
    0,
    0,
    0,
    0.99999982118606567
  ],
  "projectionMatrix" : [
    1.5218349695205688,
    0,
    0.032220661640167236,
    0,
    0,
    2.0291132926940918,
    -0.0086677074432373047,
    0,
    0,
    0,
    -0.9999997615814209,
    -0.00099999981466680765,
    0,
    0,
    -1,
    0
  ],
  "cameraGrain" : 0,
  "exposureDuration" : 0.0099999997764825821,
  "motionQuality" : 0.92003005743026733,
  "averageVelocity" : 0.16593493521213531,
  "averageAngularVelocity" : 0.27989479899406433,
  "time" : 574404.05009366677
}