{
  "exposureDuration" : 0.0099999997764825821,
  "averageAngularVelocity" : 0.25579279661178589,
  "averageVelocity" : 0.21572358906269073,
  "frame_index" : 126,
  "cameraPoseARFrame" : [
    0.40050333738327026,
    0.80920201539993286,
    0.42987135052680969,
    -0.20765160024166107,
    -0.91154325008392334,
    0.30414301156997681,
    0.27674102783203125,
    0.26464498043060303,
    0.093197017908096313,
    -0.5026821494102478,
    0.85943293571472168,
    0.61054813861846924,
    0,
    0,
    0,
    0.99999994039535522
  ],
  "projectionMatrix" : [
    1.5218081474304199,
    0,
    0.033588528633117676,
    0,
    0,
    2.0290775299072266,
    -0.003651738166809082,
    0,
    0,
    0,
    -0.9999997615814209,
    -0.00099999981466680765,
    0,
    0,
    -1,
    0
  ],
  "time" : 574403.51584150014,
  "motionQuality" : 0.92691636085510254,
  "cameraGrain" : 0,
  "intrinsics" : [
    1460.935791015625,
    0,
    927.2550048828125,
    0,
    1460.935791015625,
    716.8707275390625,
    0,
    0,
    1
  ]
}