{
  "intrinsics" : [
    1459.0723876953125,
    0,
    932.53118896484375,
    0,
    1459.0723876953125,
    723.40252685546875,
    0,
    0,
    1
  ],
  "averageVelocity" : 0,
  "averageAngularVelocity" : 0.15253454446792603,
  "cameraGrain" : 0,
  "exposureDuration" : 0.0099999997764825821,
  "time" : 574410.69666012516,
  "frame_index" : 212,
  "cameraPoseARFrame" : [
    0.0057055098004639149,
    0.9997292160987854,
    -0.022555973380804062,
    -0.033748287707567215,
    -0.76547551155090332,
    0.018880270421504974,
    0.64318752288818359,
    -0.11278367787599564,
    0.64343935251235962,
    0.013596267439424992,
    0.76537621021270752,
    0.65195602178573608,
    0,
    0,
    0,
    0.99999988079071045
  ],
  "projectionMatrix" : [
    1.5198670625686646,
    0,
    0.028092503547668457,
    0,
    0,
    2.0264894962310791,
    0.0054201483726501465,
    0,
    0,
    0,
    -0.9999997615814209,
    -0.00099999981466680765,
    0,
    0,
    -1,
    0
  ],
  "motionQuality" : 0.95641869306564331
}