{
  "time" : 574409.12695075013,
  "cameraGrain" : 0,
  "frame_index" : 194,
  "exposureDuration" : 0.0099999997764825821,
  "averageVelocity" : 0.19201847910881042,
  "averageAngularVelocity" : 0.3286607563495636,
  "cameraPoseARFrame" : [
    -0.037282783538103104,
    0.97886967658996582,
    -0.20105746388435364,
    0.13390776515007019,
    -0.85826367139816284,
    0.07168908417224884,
    0.50817680358886719,
    -0.032209999859333038,
    0.51185256242752075,
    0.19150654971599579,
    0.83745568990707397,
    0.74334973096847534,
    0,
    0,
    0,
    0.99999982118606567
  ],
  "projectionMatrix" : [
    1.5198131799697876,
    0,
    0.032183229923248291,
    0,
    0,
    2.0264174938201904,
    0.003571629524230957,
    0,
    0,
    0,
    -0.9999997615814209,
    -0.00099999981466680765,
    0,
    0,
    -1,
    0
  ],
  "intrinsics" : [
    1459.0206298828125,
    0,
    928.6041259765625,
    0,
    1459.0206298828125,
    722.07159423828125,
    0,
    0,
    1
  ],
  "motionQuality" : 0.9060969352722168
}