{
  "intrinsics" : [
    1459.4617919921875,
    0,
    926.3272705078125,
    0,
    1459.4617919921875,
    721.4232177734375,
    0,
    0,
    1
  ],
  "time" : 574407.79040304176,
  "averageAngularVelocity" : 0.092932216823101044,
  "cameraGrain" : 0,
  "cameraPoseARFrame" : [
    0.0056400452740490437,
    0.95337289571762085,
    -0.30174237489700317,
    0.17260169982910156,
    -0.95173978805541992,
    0.097711466252803802,
    0.29093557596206665,
    0.1706511378288269,
    0.3068537712097168,
    0.28553932905197144,
    0.90791416168212891,
    0.76323217153549194,
    0,
    0,
    0,
    0.99999988079071045
  ],
  "averageVelocity" : 0.13005770742893219,
  "frame_index" : 179,
  "motionQuality" : 0.96284067630767822,
  "projectionMatrix" : [
    1.5202727317810059,
    0,
    0.034554898738861084,
    0,
    0,
    2.0270302295684814,
    0.0026711225509643555,
    0,
    0,
    0,
    -0.9999997615814209,
    -0.00099999981466680765,
    0,
    0,
    -1,
    0
  ],
  "exposureDuration" : 0.0099999997764825821
}