{
  "exposureDuration" : 0.0099999997764825821,
  "cameraPoseARFrame" : [
    0.3751809298992157,
    0.8704676628112793,
    0.31863048672676086,
    -0.33106973767280579,
    -0.8653266429901123,
    0.20565608143806458,
    0.45707228779792786,
    0.22351008653640747,
    0.33233833312988281,
    -0.44720432162284851,
    0.83039712905883789,
    0.59581953287124634,
    0,
    0,
    0,
    0.99999988079071045
  ],
  "intrinsics" : [
    1460.359619140625,
    0,
    929.13092041015625,
    0,
    1460.359619140625,
    719.75,
    0,
    0,
    1
  ],
  "averageVelocity" : 0.11427564173936844,
  "time" : 574395.80346387508,
  "averageAngularVelocity" : 0,
  "projectionMatrix" : [
    1.5212079286575317,
    0,
    0.03163444995880127,
    0,
    0,
    2.0282771587371826,
    0.00034719705581665039,
    0,
    0,
    0,
    -0.9999997615814209,
    -0.00099999981466680765,
    0,
    0,
    -1,
    0
  ],
  "motionQuality" : 0.9673498272895813,
  "frame_index" : 37,
  "cameraGrain" : 0
}