{
  "cameraPoseARFrame" : [
    0.13326764106750488,
    0.97312891483306885,
    0.18777646124362946,
    -0.51608306169509888,
    -0.90051525831222534,
    0.039770759642124176,
    0.43300133943557739,
    -0.31667596101760864,
    0.41389811038970947,
    -0.22680075466632843,
    0.88161772489547729,
    0.61752718687057495,
    0,
    0,
    0,
    0.99999988079071045
  ],
  "motionQuality" : 0.9553183913230896,
  "exposureDuration" : 0.0099999997764825821,
  "intrinsics" : [
    1462.24365234375,
    0,
    928.478515625,
    0,
    1462.24365234375,
    724.1849365234375,
    0,
    0,
    1
  ],
  "averageVelocity" : 0.15638566017150879,
  "projectionMatrix" : [
    1.5231704711914062,
    0,
    0.032314062118530273,
    0,
    0,
    2.0308940410614014,
    0.0065068602561950684,
    0,
    0,
    0,
    -0.9999997615814209,
    -0.00099999981466680765,
    0,
    0,
    -1,
    0
  ],
  "frame_index" : 85,
  "cameraGrain" : 0.03343549370765686,
  "averageAngularVelocity" : 0.13658735156059265,
  "time" : 574399.97475500009
}