{
  "projectionMatrix" : [
    1.5198616981506348,
    0,
    0.034717679023742676,
    0,
    0,
    2.0264823436737061,
    0.0055268406867980957,
    0,
    0,
    0,
    -0.9999997615814209,
    -0.00099999981466680765,
    0,
    0,
    -1,
    0
  ],
  "averageAngularVelocity" : 0.07452661544084549,
  "frame_index" : 5,
  "averageVelocity" : 0.02699003741145134,
  "intrinsics" : [
    1459.0672607421875,
    0,
    926.1710205078125,
    0,
    1459.0672607421875,
    723.47930908203125,
    0,
    0,
    1
  ],
  "exposureDuration" : 0.0099999997764825821,
  "time" : 574393.29768504179,
  "cameraPoseARFrame" : [
    0.1469426304101944,
    0.91366052627563477,
    0.37898880243301392,
    -0.28394630551338196,
    -0.96465718746185303,
    0.047642070800065994,
    0.25916492938995361,
    0.15279072523117065,
    0.21873295307159424,
    -0.40367674827575684,
    0.8883698582649231,
    0.95569914579391479,
    0,
    0,
    0,
    0.99999988079071045
  ],
  "cameraGrain" : 0,
  "motionQuality" : 0.97870665788650513
}