{
  "time" : 574400.51217683346,
  "intrinsics" : [
    1462.1605224609375,
    0,
    926.69854736328125,
    0,
    1462.1605224609375,
    723.341796875,
    0,
    0,
    1
  ],
  "averageVelocity" : 0.11464715003967285,
  "motionQuality" : 0.84758830070495605,
  "averageAngularVelocity" : 0.53344082832336426,
  "cameraGrain" : 0.032730646431446075,
  "exposureDuration" : 0.0099999997764825821,
  "projectionMatrix" : [
    1.5230839252471924,
    0,
    0.03416818380355835,
    0,
    0,
    2.0307784080505371,
    0.0053358078002929688,
    0,
    0,
    0,
    -0.9999997615814209,
    -0.00099999981466680765,
    0,
    0,
    -1,
    0
  ],
  "cameraPoseARFrame" : [
    0.070657640695571899,
    0.97353148460388184,
    0.21735651791095734,
    -0.49462568759918213,
    -0.94394052028656006,
    -0.0051844231784343719,
    0.33007442951202393,
    -0.29557299613952637,
    0.32246476411819458,
    -0.22849403321743011,
    0.91858965158462524,
    0.61565542221069336,
    0,
    0,
    0,
    0.99999988079071045
  ],
  "frame_index" : 91
}