{
  "time" : 574405.21910191677,
  "intrinsics" : [
    1460.427001953125,
    0,
    931.92303466796875,
    0,
    1460.427001953125,
    709.4935302734375,
    0,
    0,
    1
  ],
  "frame_index" : 148,
  "motionQuality" : 0.85485780239105225,
  "projectionMatrix" : [
    1.5212781429290771,
    0,
    0.028725981712341309,
    0,
    0,
    2.0283708572387695,
    -0.013897895812988281,
    0,
    0,
    0,
    -0.9999997615814209,
    -0.00099999981466680765,
    0,
    0,
    -1,
    0
  ],
  "cameraPoseARFrame" : [
    0.45991078019142151,
    0.84849721193313599,
    0.261790931224823,
    -0.17811742424964905,
    -0.88712644577026367,
    0.4262445867061615,
    0.17697985470294952,
    0.48417407274246216,
    0.038579966872930527,
    -0.31363672018051147,
    0.94875890016555786,
    0.65363550186157227,
    0,
    0,
    0,
    0.99999988079071045
  ],
  "averageVelocity" : 0.22233335673809052,
  "averageAngularVelocity" : 0.50799763202667236,
  "cameraGrain" : 0,
  "exposureDuration" : 0.0099999997764825821
}