{
  "averageVelocity" : 0.13126739859580994,
  "exposureDuration" : 0.0099999997764825821,
  "cameraGrain" : 0,
  "time" : 574404.88522283349,
  "frame_index" : 143,
  "averageAngularVelocity" : 0.123883917927742,
  "motionQuality" : 0.96249502897262573,
  "intrinsics" : [
    1460.7955322265625,
    0,
    929.2535400390625,
    0,
    1460.7955322265625,
    712.5574951171875,
    0,
    0,
    1
  ],
  "cameraPoseARFrame" : [
    0.52999883890151978,
    0.78894048929214478,
    0.31092503666877747,
    -0.21073736250400543,
    -0.84659594297409058,
    0.47119492292404175,
    0.24748797714710236,
    0.49034255743026733,
    0.048746909946203232,
    -0.39439642429351807,
    0.91764658689498901,
    0.62561792135238647,
    0,
    0,
    0,
    0.99999988079071045
  ],
  "projectionMatrix" : [
    1.5216619968414307,
    0,
    0.031506717205047607,
    0,
    0,
    2.0288827419281006,
    -0.0096423625946044922,
    0,
    0,
    0,
    -0.9999997615814209,
    -0.00099999981466680765,
    0,
    0,
    -1,
    0
  ]
}