{
  "exposureDuration" : 0.0099999997764825821,
  "motionQuality" : 0.91990160942077637,
  "cameraPoseARFrame" : [
    0.17154248058795929,
    0.94604581594467163,
    0.27490073442459106,
    -0.52506262063980103,
    -0.88308405876159668,
    0.023960089311003685,
    0.46860221028327942,
    -0.10011834651231766,
    0.43673253059387207,
    -0.32314571738243103,
    0.83954823017120361,
    0.61094242334365845,
    0,
    0,
    0,
    0.99999988079071045
  ],
  "intrinsics" : [
    1461.3924560546875,
    0,
    930.34490966796875,
    0,
    1461.3924560546875,
    723.46453857421875,
    0,
    0,
    1
  ],
  "projectionMatrix" : [
    1.5222837924957275,
    0,
    0.030369877815246582,
    0,
    0,
    2.0297117233276367,
    0.0055062770843505859,
    0,
    0,
    0,
    -0.9999997615814209,
    -0.00099999981466680765,
    0,
    0,
    -1,
    0
  ],
  "averageVelocity" : 0.28034436702728271,
  "averageAngularVelocity" : 0.23666971921920776,
  "cameraGrain" : 0.00028217860381118953,
  "frame_index" : 69,
  "time" : 574398.60599804181
}