{
  "projectionMatrix" : [
    1.5198022127151489,
    0,
    0.034801721572875977,
    0,
    0,
    2.0264029502868652,
    0.0056885480880737305,
    0,
    0,
    0,
    -0.9999997615814209,
    -0.00099999981466680765,
    0,
    0,
    -1,
    0
  ],
  "averageAngularVelocity" : 0.094457648694515228,
  "motionQuality" : 0.97301208972930908,
  "exposureDuration" : 0.0099999997764825821,
  "time" : 574393.3269219168,
  "cameraPoseARFrame" : [
    0.14275898039340973,
    0.91417688131332397,
    0.37934231758117676,
    -0.28290316462516785,
    -0.9657827615737915,
    0.044817589223384857,
    0.25544998049736023,
    0.15242451429367065,
    0.21652528643608093,
    -0.4028300940990448,
    0.88929450511932373,
    0.95550435781478882,
    0,
    0,
    0,
    0.99999988079071045
  ],
  "intrinsics" : [
    1459.0101318359375,
    0,
    926.09033203125,
    0,
    1459.0101318359375,
    723.59576416015625,
    0,
    0,
    1
  ],
  "averageVelocity" : 0,
  "cameraGrain" : 0,
  "frame_index" : 6
}