{
  "frame_index" : 75,
  "averageAngularVelocity" : 0.33117020130157471,
  "exposureDuration" : 0.0099999997764825821,
  "time" : 574399.10732512514,
  "averageVelocity" : 0.10656244307756424,
  "intrinsics" : [
    1461.4754638671875,
    0,
    929.58636474609375,
    0,
    1461.4754638671875,
    723.41754150390625,
    0,
    0,
    1
  ],
  "cameraGrain" : 0,
  "motionQuality" : 0.90537995100021362,
  "cameraPoseARFrame" : [
    0.14028637111186981,
    0.97205942869186401,
    0.18820253014564514,
    -0.54499995708465576,
    -0.8764643669128418,
    0.033498350530862808,
    0.48029971122741699,
    -0.18942737579345703,
    0.46057534217834473,
    -0.23233242332935333,
    0.8566749095916748,
    0.60088223218917847,
    0,
    0,
    0,
    0.99999988079071045
  ],
  "projectionMatrix" : [
    1.5223702192306519,
    0,
    0.031160056591033936,
    0,
    0,
    2.0298271179199219,
    0.0054410099983215332,
    0,
    0,
    0,
    -0.9999997615814209,
    -0.00099999981466680765,
    0,
    0,
    -1,
    0
  ]
}