{
  "averageVelocity" : 0.26095736026763916,
  "exposureDuration" : 0.0099999997764825821,
  "cameraGrain" : 0,
  "averageAngularVelocity" : 0.26474490761756897,
  "projectionMatrix" : [
    1.5205916166305542,
    0,
    0.033142507076263428,
    0,
    0,
    2.0274555683135986,
    0.002091825008392334,
    0,
    0,
    0,
    -0.9999997615814209,
    -0.00099999981466680765,
    0,
    0,
    -1,
    0
  ],
  "motionQuality" : 0.92435860633850098,
  "cameraPoseARFrame" : [
    0.29180353879928589,
    0.89053666591644287,
    0.34899166226387024,
    -0.30552381277084351,
    -0.9138723611831665,
    0.1518976241350174,
    0.37651565670967102,
    0.21681910753250122,
    0.28228998184204102,
    -0.42880254983901978,
    0.85816121101379395,
    0.67843526601791382,
    0,
    0,
    0,
    0.99999988079071045
  ],
  "frame_index" : 31,
  "intrinsics" : [
    1459.7679443359375,
    0,
    927.68316650390625,
    0,
    1459.7679443359375,
    721.006103515625,
    0,
    0,
    1
  ],
  "time" : 574395.29926887515
}