{
  "frame_index" : 0,
  "time" : 574392.80813916679,
  "motionQuality" : 1,
  "exposureDuration" : 0.0099999997764825821,
  "averageAngularVelocity" : 0,
  "averageVelocity" : 0,
  "projectionMatrix" : [
    1.5198022127151489,
    0,
    0.035094857215881348,
    0,
    0,
    2.0264029502868652,
    0.006116330623626709,
    0,
    0,
    0,
    -0.9999997615814209,
    -0.00099999981466680765,
    0,
    0,
    -1,
    0
  ],
  "cameraPoseARFrame" : [
    0.13069863617420197,
    0.91616529226303101,
    0.37889173626899719,
    -0.28971239924430847,
    -0.96685761213302612,
    0.033240117132663727,
    0.25314229726791382,
    0.1564553827047348,
    0.21932579576969147,
    -0.39941984415054321,
    0.89014595746994019,
    0.95824134349822998,
    0,
    0,
    0,
    0.99999982118606567
  ],
  "cameraGrain" : 0,
  "intrinsics" : [
    1459.0101318359375,
    0,
    925.8089599609375,
    0,
    1459.0101318359375,
    723.90374755859375,
    0,
    0,
    1
  ]
}