{
  "cameraPoseARFrame" : [
    0.198609858751297,
    0.9359203577041626,
    0.29087263345718384,
    -0.10154242813587189,
    -0.96541029214859009,
    0.13566850125789642,
    0.22265790402889252,
    0.13306944072246552,
    0.16892784833908081,
    -0.3250335156917572,
    0.93049246072769165,
    0.61216586828231812,
    0,
    0,
    0,
    0.9999997615814209
  ],
  "averageAngularVelocity" : 0.28132393956184387,
  "motionQuality" : 0.91962170600891113,
  "cameraGrain" : 0,
  "exposureDuration" : 0.0099999997764825821,
  "projectionMatrix" : [
    1.5217702388763428,
    0,
    0.035187780857086182,
    0,
    0,
    2.029026985168457,
    0.0057786703109741211,
    0,
    0,
    0,
    -0.9999997615814209,
    -0.00099999981466680765,
    0,
    0,
    -1,
    0
  ],
  "time" : 574402.67960550007,
  "frame_index" : 116,
  "intrinsics" : [
    1460.8994140625,
    0,
    925.7197265625,
    0,
    1460.8994140625,
    723.66064453125,
    0,
    0,
    1
  ],
  "averageVelocity" : 0.27062743902206421
}