{
  "frame_index" : 50,
  "cameraGrain" : 0,
  "projectionMatrix" : [
    1.5216187238693237,
    0,
    0.028177380561828613,
    0,
    0,
    2.028825044631958,
    -0.0037676095962524414,
    0,
    0,
    0,
    -0.9999997615814209,
    -0.00099999981466680765,
    0,
    0,
    -1,
    0
  ],
  "averageAngularVelocity" : 0.18135033547878265,
  "time" : 574396.90265733341,
  "averageVelocity" : 0.23972715437412262,
  "intrinsics" : [
    1460.7540283203125,
    0,
    932.44970703125,
    0,
    1460.7540283203125,
    716.78729248046875,
    0,
    0,
    1
  ],
  "exposureDuration" : 0.0099999997764825821,
  "cameraPoseARFrame" : [
    0.3995930552482605,
    0.85215616226196289,
    0.33786869049072266,
    -0.35557428002357483,
    -0.84982073307037354,
    0.20617230236530304,
    0.48507457971572876,
    0.14625602960586548,
    0.343700110912323,
    -0.4809604287147522,
    0.80656522512435913,
    0.6082538366317749,
    0,
    0,
    0,
    0.99999988079071045
  ],
  "motionQuality" : 0.93150651454925537
}