{
  "averageAngularVelocity" : 0.1444803774356842,
  "cameraGrain" : 0.0053847720846533775,
  "exposureDuration" : 0.0099999997764825821,
  "projectionMatrix" : [
    1.5217756032943726,
    0,
    0.032462716102600098,
    0,
    0,
    2.0290341377258301,
    0.0086154341697692871,
    0,
    0,
    0,
    -0.9999997615814209,
    -0.00099999981466680765,
    0,
    0,
    -1,
    0
  ],
  "time" : 574398.30759562517,
  "frame_index" : 66,
  "motionQuality" : 0.91725701093673706,
  "cameraPoseARFrame" : [
    0.17059516906738281,
    0.93975132703781128,
    0.29625111818313599,
    -0.46367490291595459,
    -0.88473492860794067,
    0.013738350942730904,
    0.46589162945747375,
    -0.047274474054574966,
    0.43375226855278015,
    -0.34158268570899963,
    0.8337746262550354,
    0.61816108226776123,
    0,
    0,
    0,
    0.99999988079071045
  ],
  "averageVelocity" : 0.28960049152374268,
  "intrinsics" : [
    1460.904541015625,
    0,
    928.3358154296875,
    0,
    1460.904541015625,
    725.703125,
    0,
    0,
    1
  ]
}