{
  "cameraPoseARFrame" : [
    0.13419990241527557,
    0.96107637882232666,
    0.24150033295154572,
    -0.14053034782409668,
    -0.95826536417007446,
    0.063782021403312683,
    0.2786734402179718,
    -0.0042848107405006886,
    0.25242307782173157,
    -0.26881954073905945,
    0.92952585220336914,
    0.61392807960510254,
    0,
    0,
    0,
    0.9999997615814209
  ],
  "averageVelocity" : 0.31501525640487671,
  "time" : 574402.14610466675,
  "intrinsics" : [
    1460.7645263671875,
    0,
    926.184814453125,
    0,
    1460.7645263671875,
    724.02337646484375,
    0,
    0,
    1
  ],
  "projectionMatrix" : [
    1.5216296911239624,
    0,
    0.034703314304351807,
    0,
    0,
    2.0288395881652832,
    0.0062824487686157227,
    0,
    0,
    0,
    -0.9999997615814209,
    -0.00099999981466680765,
    0,
    0,
    -1,
    0
  ],
  "exposureDuration" : 0.0099999997764825821,
  "motionQuality" : 0.90999561548233032,
  "averageAngularVelocity" : 0.14922380447387695,
  "cameraGrain" : 0,
  "frame_index" : 110
}