{
  "cameraGrain" : 0.0280020572245121,
  "cameraPoseARFrame" : [
    0.12847998738288879,
    0.97636359930038452,
    0.17380218207836151,
    -0.5309564471244812,
    -0.89495170116424561,
    0.038644149899482727,
    0.44448605179786682,
    -0.22856462001800537,
    0.4272635281085968,
    -0.21265225112438202,
    0.87876331806182861,
    0.60938256978988647,
    0,
    0,
    0,
    0.99999994039535522
  ],
  "frame_index" : 79,
  "projectionMatrix" : [
    1.5226837396621704,
    0,
    0.0317344069480896,
    0,
    0,
    2.0302450656890869,
    0.0055382847785949707,
    0,
    0,
    0,
    -0.9999997615814209,
    -0.00099999981466680765,
    0,
    0,
    -1,
    0
  ],
  "averageAngularVelocity" : 0.18780159950256348,
  "time" : 574399.44063912518,
  "exposureDuration" : 0.0099999997764825821,
  "intrinsics" : [
    1461.7763671875,
    0,
    929.03497314453125,
    0,
    1461.7763671875,
    723.487548828125,
    0,
    0,
    1
  ],
  "motionQuality" : 0.94634240865707397,
  "averageVelocity" : 0.13727909326553345
}