{
  "cameraPoseARFrame" : [
    0.21125651895999908,
    0.91181367635726929,
    0.35208863019943237,
    -0.32944834232330322,
    -0.87884151935577393,
    0.019538769498467445,
    0.47671321034431458,
    -0.0050019659101963043,
    0.42779427766799927,
    -0.41013902425765991,
    0.80546760559082031,
    0.63759547472000122,
    0,
    0,
    0,
    0.99999988079071045
  ],
  "time" : 574397.66976387508,
  "frame_index" : 59,
  "projectionMatrix" : [
    1.5217647552490234,
    0,
    0.032250046730041504,
    0,
    0,
    2.0290195941925049,
    0.0030368566513061523,
    0,
    0,
    0,
    -0.9999997615814209,
    -0.00099999981466680765,
    0,
    0,
    -1,
    0
  ],
  "cameraGrain" : 0,
  "averageVelocity" : 0.19934840500354767,
  "exposureDuration" : 0.0099999997764825821,
  "motionQuality" : 0.9223402738571167,
  "intrinsics" : [
    1460.8941650390625,
    0,
    928.53997802734375,
    0,
    1460.8941650390625,
    721.6865234375,
    0,
    0,
    1
  ],
  "averageAngularVelocity" : 0.27180904150009155
}