{
  "cameraPoseARFrame" : [
    0.13560079038143158,
    0.97192221879959106,
    0.19230066239833832,
    -0.51264214515686035,
    -0.89744800329208374,
    0.038261000066995621,
    0.43945738673210144,
    -0.32899010181427002,
    0.41976085305213928,
    -0.23217073082923889,
    0.87743806838989258,
    0.61845439672470093,
    0,
    0,
    0,
    0.99999988079071045
  ],
  "averageVelocity" : 0,
  "averageAngularVelocity" : 0.12839688360691071,
  "projectionMatrix" : [
    1.5231108665466309,
    0,
    0.032650411128997803,
    0,
    0,
    2.0308144092559814,
    0.0055935978889465332,
    0,
    0,
    0,
    -0.9999997615814209,
    -0.00099999981466680765,
    0,
    0,
    -1,
    0
  ],
  "time" : 574400.14252908342,
  "motionQuality" : 0.96331518888473511,
  "intrinsics" : [
    1462.1864013671875,
    0,
    928.15557861328125,
    0,
    1462.1864013671875,
    723.52740478515625,
    0,
    0,
    1
  ],
  "frame_index" : 87,
  "exposureDuration" : 0.0099999997764825821,
  "cameraGrain" : 0.03343549370765686
}