{
  "cameraPoseARFrame" : [
    0.18147310614585876,
    0.88651001453399658,
    0.42563769221305847,
    -0.27999407052993774,
    -0.95573890209197998,
    0.057066410779953003,
    0.28862807154655457,
    0.14665120840072632,
    0.23158207535743713,
    -0.4591769278049469,
    0.85762834548950195,
    0.89811736345291138,
    0,
    0,
    0,
    0.99999988079071045
  ],
  "projectionMatrix" : [
    1.5197913646697998,
    0,
    0.035267412662506104,
    0,
    0,
    2.0263886451721191,
    0.0055906772613525391,
    0,
    0,
    0,
    -0.9999997615814209,
    -0.00099999981466680765,
    0,
    0,
    -1,
    0
  ],
  "time" : 574394.49820591684,
  "exposureDuration" : 0.0099999997764825821,
  "averageVelocity" : 0.23686553537845612,
  "motionQuality" : 0.9323241114616394,
  "intrinsics" : [
    1458.999755859375,
    0,
    925.643310546875,
    0,
    1458.999755859375,
    723.5252685546875,
    0,
    0,
    1
  ],
  "frame_index" : 21,
  "averageAngularVelocity" : 0.22477246820926666,
  "cameraGrain" : 0
}