{
  "cameraGrain" : 0,
  "averageVelocity" : 0.20134273171424866,
  "exposureDuration" : 0.0099999997764825821,
  "motionQuality" : 0.91546916961669922,
  "projectionMatrix" : [
    1.5216296911239624,
    0,
    0.030242502689361572,
    0,
    0,
    2.0288395881652832,
    -0.0027893781661987305,
    0,
    0,
    0,
    -0.9999997615814209,
    -0.00099999981466680765,
    0,
    0,
    -1,
    0
  ],
  "frame_index" : 54,
  "time" : 574397.2356630835,
  "cameraPoseARFrame" : [
    0.30609545111656189,
    0.87325465679168701,
    0.3791201114654541,
    -0.33958661556243896,
    -0.89307278394699097,
    0.1254630982875824,
    0.4320644736289978,
    0.08524727076292038,
    0.32973664999008179,
    -0.47083485126495361,
    0.81828361749649048,
    0.63215386867523193,
    0,
    0,
    0,
    0.99999982118606567
  ],
  "averageAngularVelocity" : 0.29585781693458557,
  "intrinsics" : [
    1460.7645263671875,
    0,
    930.46722412109375,
    0,
    1460.7645263671875,
    717.49163818359375,
    0,
    0,
    1
  ]
}