{
  "time" : 574398.9065509584,
  "averageAngularVelocity" : 0.28095126152038574,
  "projectionMatrix" : [
    1.5221810340881348,
    0,
    0.030704617500305176,
    0,
    0,
    2.0295748710632324,
    0.005054473876953125,
    0,
    0,
    0,
    -0.9999997615814209,
    -0.00099999981466680765,
    0,
    0,
    -1,
    0
  ],
  "exposureDuration" : 0.0099999997764825821,
  "motionQuality" : 0.91972821950912476,
  "intrinsics" : [
    1461.2938232421875,
    0,
    930.0235595703125,
    0,
    1461.2938232421875,
    723.13922119140625,
    0,
    0,
    1
  ],
  "frame_index" : 72,
  "cameraPoseARFrame" : [
    0.14740589261054993,
    0.96490579843521118,
    0.21732097864151001,
    -0.5460585355758667,
    -0.86452484130859375,
    0.018955705687403679,
    0.5022321343421936,
    -0.16455471515655518,
    0.48048725724220276,
    -0.26191151142120361,
    0.83697932958602905,
    0.59872680902481079,
    0,
    0,
    0,
    0.99999988079071045
  ],
  "averageVelocity" : 0.21184460818767548,
  "cameraGrain" : 0
}