{
  "frame_index" : 119,
  "intrinsics" : [
    1460.286865234375,
    0,
    926.55950927734375,
    0,
    1460.286865234375,
    721.94061279296875,
    0,
    0,
    1
  ],
  "averageAngularVelocity" : 0.1162152886390686,
  "averageVelocity" : 0.18331257998943329,
  "projectionMatrix" : [
    1.5211321115493774,
    0,
    0.034313023090362549,
    0,
    0,
    2.0281763076782227,
    0.0033897161483764648,
    0,
    0,
    0,
    -0.9999997615814209,
    -0.00099999981466680765,
    0,
    0,
    -1,
    0
  ],
  "cameraGrain" : 0,
  "motionQuality" : 0.94762498140335083,
  "cameraPoseARFrame" : [
    0.24806906282901764,
    0.91394996643066406,
    0.32118090987205505,
    -0.12381701916456223,
    -0.96089398860931396,
    0.19002526998519897,
    0.20142696797847748,
    0.18795114755630493,
    0.12306167185306549,
    -0.35858878493309021,
    0.92534846067428589,
    0.61370325088500977,
    0,
    0,
    0,
    0.99999988079071045
  ],
  "time" : 574402.94760845846,
  "exposureDuration" : 0.0099999997764825821
}