{
  "exposureDuration" : 0.0099999997764825821,
  "intrinsics" : [
    1459.9495849609375,
    0,
    927.29376220703125,
    0,
    1459.9495849609375,
    721.39569091796875,
    0,
    0,
    1
  ],
  "cameraGrain" : 0,
  "time" : 574395.23143708345,
  "frame_index" : 30,
  "projectionMatrix" : [
    1.5207808017730713,
    0,
    0.033548176288604736,
    0,
    0,
    2.0277078151702881,
    0.0026329159736633301,
    0,
    0,
    0,
    -0.9999997615814209,
    -0.00099999981466680765,
    0,
    0,
    -1,
    0
  ],
  "motionQuality" : 0.9157717227935791,
  "cameraPoseARFrame" : [
    0.28012329339981079,
    0.89145004749298096,
    0.35615712404251099,
    -0.30244168639183044,
    -0.92037767171859741,
    0.14395935833454132,
    0.36356616020202637,
    0.21536374092102051,
    0.27282887697219849,
    -0.42964252829551697,
    0.86079710721969604,
    0.69517916440963745,
    0,
    0,
    0,
    0.99999994039535522
  ],
  "averageAngularVelocity" : 0.29479888081550598,
  "averageVelocity" : 0.27072173357009888
}