{
  "frame_index" : 149,
  "cameraGrain" : 0,
  "cameraPoseARFrame" : [
    0.43620941042900085,
    0.86938291788101196,
    0.2321525365114212,
    -0.16172003746032715,
    -0.89870142936706543,
    0.40790408849716187,
    0.16108907759189606,
    0.477100670337677,
    0.045352108776569366,
    -0.27890437841415405,
    0.95924729108810425,
    0.65802192687988281,
    0,
    0,
    0,
    0.99999988079071045
  ],
  "projectionMatrix" : [
    1.5212293863296509,
    0,
    0.028473138809204102,
    0,
    0,
    2.0283060073852539,
    -0.014543652534484863,
    0,
    0,
    0,
    -0.9999997615814209,
    -0.00099999981466680765,
    0,
    0,
    -1,
    0
  ],
  "intrinsics" : [
    1460.3802490234375,
    0,
    932.165771484375,
    0,
    1460.3802490234375,
    709.028564453125,
    0,
    0,
    1
  ],
  "averageAngularVelocity" : 0.51847469806671143,
  "motionQuality" : 0.85186433792114258,
  "averageVelocity" : 0.2627461850643158,
  "time" : 574405.28604445851,
  "exposureDuration" : 0.0099999997764825821
}