{
  "averageVelocity" : 0.14444054663181305,
  "exposureDuration" : 0.0099999997764825821,
  "frame_index" : 205,
  "intrinsics" : [
    1459.0567626953125,
    0,
    931.6484375,
    0,
    1459.0567626953125,
    720.975341796875,
    0,
    0,
    1
  ],
  "motionQuality" : 0.89175236225128174,
  "time" : 574410.06235479179,
  "projectionMatrix" : [
    1.5198508501052856,
    0,
    0.029012024402618408,
    0,
    0,
    2.0264678001403809,
    0.0020490884780883789,
    0,
    0,
    0,
    -0.9999997615814209,
    -0.00099999981466680765,
    0,
    0,
    -1,
    0
  ],
  "cameraGrain" : 0,
  "cameraPoseARFrame" : [
    0.045626200735569,
    0.99883824586868286,
    -0.015507695265114307,
    -0.012018401175737381,
    -0.80256050825119019,
    0.045895103365182877,
    0.59480243921279907,
    -0.09791911393404007,
    0.59482312202453613,
    -0.01469277311116457,
    0.80372220277786255,
    0.65068268775939941,
    0,
    0,
    0,
    0.99999988079071045
  ],
  "averageAngularVelocity" : 0.37886670231819153
}