{
  "cameraPoseARFrame" : [
    0.19866852462291718,
    0.88883030414581299,
    0.41293027997016907,
    -0.28084796667098999,
    -0.95149797201156616,
    0.07393539696931839,
    0.29863804578781128,
    0.15261869132518768,
    0.23490841686725616,
    -0.45223242044448853,
    0.86040902137756348,
    0.87929224967956543,
    0,
    0,
    0,
    0.9999997615814209
  ],
  "projectionMatrix" : [
    1.5199158191680908,
    0,
    0.035522103309631348,
    0,
    0,
    2.0265543460845947,
    0.0049915909767150879,
    0,
    0,
    0,
    -0.9999997615814209,
    -0.00099999981466680765,
    0,
    0,
    -1,
    0
  ],
  "time" : 574394.56504858343,
  "exposureDuration" : 0.0099999997764825821,
  "averageVelocity" : 0.27889111638069153,
  "motionQuality" : 0.92031681537628174,
  "frame_index" : 22,
  "intrinsics" : [
    1459.119140625,
    0,
    925.3988037109375,
    0,
    1459.119140625,
    723.09393310546875,
    0,
    0,
    1
  ],
  "averageAngularVelocity" : 0.23238392174243927,
  "cameraGrain" : 0
}