{
  "time" : 574400.81146633346,
  "motionQuality" : 0.93404257297515869,
  "projectionMatrix" : [
    1.5234948396682739,
    0,
    0.0325927734375,
    0,
    0,
    2.0313265323638916,
    0.0064079165458679199,
    0,
    0,
    0,
    -0.9999997615814209,
    -0.00099999981466680765,
    0,
    0,
    -1,
    0
  ],
  "exposureDuration" : 0.0099999997764825821,
  "averageAngularVelocity" : 0.11289069056510925,
  "cameraGrain" : 0.03414437547326088,
  "frame_index" : 94,
  "intrinsics" : [
    1462.5550537109375,
    0,
    928.2109375,
    0,
    1462.5550537109375,
    724.11370849609375,
    0,
    0,
    1
  ],
  "cameraPoseARFrame" : [
    0.089043334126472473,
    0.97062933444976807,
    0.22349508106708527,
    -0.47236526012420654,
    -0.93236571550369263,
    0.002292887307703495,
    0.36150863766670227,
    -0.28867810964584351,
    0.35037845373153687,
    -0.24056920409202576,
    0.90518581867218018,
    0.60545885562896729,
    0,
    0,
    0,
    0.99999988079071045
  ],
  "averageVelocity" : 0.23085106909275055
}