{
  "exposureDuration" : 0.0099999997764825821,
  "cameraPoseARFrame" : [
    0.22301244735717773,
    0.89302027225494385,
    0.39087104797363281,
    -0.28730189800262451,
    -0.947795569896698,
    0.10488619655370712,
    0.30113446712493896,
    0.19198256731033325,
    0.2279222160577774,
    -0.43762269616127014,
    0.86979174613952637,
    0.79540926218032837,
    0,
    0,
    0,
    0.99999988079071045
  ],
  "frame_index" : 26,
  "cameraGrain" : 0,
  "motionQuality" : 0.91776794195175171,
  "projectionMatrix" : [
    1.520418643951416,
    0,
    0.035684049129486084,
    0,
    0,
    2.0272250175476074,
    0.0033525824546813965,
    0,
    0,
    0,
    -0.9999997615814209,
    -0.00099999981466680765,
    0,
    0,
    -1,
    0
  ],
  "time" : 574394.86386808346,
  "averageVelocity" : 0.28781214356422424,
  "intrinsics" : [
    1459.6019287109375,
    0,
    925.2432861328125,
    0,
    1459.6019287109375,
    721.91387939453125,
    0,
    0,
    1
  ],
  "averageAngularVelocity" : 0.14183096587657928
}