{
  "averageAngularVelocity" : 0.3552059531211853,
  "exposureDuration" : 0.0099999997764825821,
  "frame_index" : 136,
  "time" : 574404.31828895852,
  "intrinsics" : [
    1461.3094482421875,
    0,
    928.9906005859375,
    0,
    1461.3094482421875,
    713.08477783203125,
    0,
    0,
    1
  ],
  "averageVelocity" : 0.21670514345169067,
  "cameraGrain" : 0,
  "projectionMatrix" : [
    1.5221973657608032,
    0,
    0.031780600547790527,
    0,
    0,
    2.0295965671539307,
    -0.008910059928894043,
    0,
    0,
    0,
    -0.9999997615814209,
    -0.00099999981466680765,
    0,
    0,
    -1,
    0
  ],
  "motionQuality" : 0.89851260185241699,
  "cameraPoseARFrame" : [
    0.45127221941947937,
    0.82342386245727539,
    0.34398597478866577,
    -0.21587398648262024,
    -0.88699406385421753,
    0.37157213687896729,
    0.27418109774589539,
    0.39486449956893921,
    0.097951650619506836,
    -0.42884403467178345,
    0.8980523943901062,
    0.58553409576416016,
    0,
    0,
    0,
    0.99999988079071045
  ]
}