{
  "averageVelocity" : 0.10921455174684525,
  "averageAngularVelocity" : 0.11412996798753738,
  "exposureDuration" : 0.0099999997764825821,
  "cameraGrain" : 0,
  "projectionMatrix" : [
    1.5224295854568481,
    0,
    0.029466986656188965,
    0,
    0,
    2.0299060344696045,
    -0.0037264823913574219,
    0,
    0,
    0,
    -0.9999997615814209,
    -0.00099999981466680765,
    0,
    0,
    -1,
    0
  ],
  "intrinsics" : [
    1461.5323486328125,
    0,
    931.211669921875,
    0,
    1461.5323486328125,
    716.81689453125,
    0,
    0,
    1
  ],
  "time" : 574396.5666256668,
  "motionQuality" : 0.96739143133163452,
  "cameraPoseARFrame" : [
    0.43714436888694763,
    0.84699100255966187,
    0.30250796675682068,
    -0.36146289110183716,
    -0.83437758684158325,
    0.25636112689971924,
    0.48794737458229065,
    0.21119427680969238,
    0.33573570847511292,
    -0.46570947766304016,
    0.81877726316452026,
    0.57582157850265503,
    0,
    0,
    0,
    0.99999994039535522
  ],
  "frame_index" : 46
}