{
  "motionQuality" : 0.85899448394775391,
  "intrinsics" : [
    1458.9893798828125,
    0,
    926.0465087890625,
    0,
    1458.9893798828125,
    723.60125732421875,
    0,
    0,
    1
  ],
  "averageAngularVelocity" : 0.4935193657875061,
  "frame_index" : 12,
  "projectionMatrix" : [
    1.5197806358337402,
    0,
    0.034847378730773926,
    0,
    0,
    2.0263741016387939,
    0.0056961774826049805,
    0,
    0,
    0,
    -0.9999997615814209,
    -0.00099999981466680765,
    0,
    0,
    -1,
    0
  ],
  "cameraGrain" : 0,
  "time" : 574393.79773587512,
  "cameraPoseARFrame" : [
    0.12852324545383453,
    0.89174109697341919,
    0.43391168117523193,
    -0.28050225973129272,
    -0.96838867664337158,
    0.018528038635849953,
    0.24875625967979431,
    0.14872579276561737,
    0.21378666162490845,
    -0.45216625928878784,
    0.86593341827392578,
    0.95354950428009033,
    0,
    0,
    0,
    0.9999997615814209
  ],
  "averageVelocity" : 0,
  "exposureDuration" : 0.0099999997764825821
}