{
  "averageVelocity" : 0,
  "frame_index" : 13,
  "time" : 574393.82826579176,
  "intrinsics" : [
    1459.041259765625,
    0,
    925.87530517578125,
    0,
    1459.041259765625,
    723.64215087890625,
    0,
    0,
    1
  ],
  "exposureDuration" : 0.0099999997764825821,
  "cameraPoseARFrame" : [
    0.12616178393363953,
    0.88405883312225342,
    0.45002561807632446,
    -0.27950096130371094,
    -0.9678194522857666,
    0.010120130144059658,
    0.2514413595199585,
    0.14787191152572632,
    0.21773466467857361,
    -0.4672660231590271,
    0.85688626766204834,
    0.95326632261276245,
    0,
    0,
    0,
    0.99999988079071045
  ],
  "averageAngularVelocity" : 0.562488853931427,
  "projectionMatrix" : [
    1.5198346376419067,
    0,
    0.035025715827941895,
    0,
    0,
    2.0264461040496826,
    0.0057529807090759277,
    0,
    0,
    0,
    -0.9999997615814209,
    -0.00099999981466680765,
    0,
    0,
    -1,
    0
  ],
  "cameraGrain" : 0,
  "motionQuality" : 0.83928889036178589
}