{
  "frame_index" : 175,
  "cameraPoseARFrame" : [
    0.028990350663661957,
    0.9529038667678833,
    -0.30188396573066711,
    0.16262431442737579,
    -0.96182548999786377,
    0.10881149023771286,
    0.25110051035881042,
    0.22714459896087646,
    0.2721230685710907,
    0.28308019042015076,
    0.91968178749084473,
    0.75528836250305176,
    0,
    0,
    0,
    0.99999994039535522
  ],
  "averageVelocity" : 0.1533036082983017,
  "intrinsics" : [
    1459.5291748046875,
    0,
    926.03082275390625,
    0,
    1459.5291748046875,
    720.5228271484375,
    0,
    0,
    1
  ],
  "motionQuality" : 0.95619899034500122,
  "projectionMatrix" : [
    1.5203429460525513,
    0,
    0.034863710403442383,
    0,
    0,
    2.0271239280700684,
    0.0014206171035766602,
    0,
    0,
    0,
    -0.9999997615814209,
    -0.00099999981466680765,
    0,
    0,
    -1,
    0
  ],
  "time" : 574407.39012133342,
  "exposureDuration" : 0.0099999997764825821,
  "averageAngularVelocity" : 0,
  "cameraGrain" : 0
}