{
  "time" : 574398.93858437508,
  "averageAngularVelocity" : 0.25552934408187866,
  "projectionMatrix" : [
    1.5221648216247559,
    0,
    0.030861973762512207,
    0,
    0,
    2.0295529365539551,
    0.004708707332611084,
    0,
    0,
    0,
    -0.9999997615814209,
    -0.00099999981466680765,
    0,
    0,
    -1,
    0
  ],
  "exposureDuration" : 0.0099999997764825821,
  "frame_index" : 73,
  "intrinsics" : [
    1461.2781982421875,
    0,
    929.87249755859375,
    0,
    1461.2781982421875,
    722.8902587890625,
    0,
    0,
    1
  ],
  "motionQuality" : 0.92699164152145386,
  "cameraPoseARFrame" : [
    0.14233967661857605,
    0.96695941686630249,
    0.21149219572544098,
    -0.54554224014282227,
    -0.86529338359832764,
    0.017807111144065857,
    0.50094902515411377,
    -0.17014503479003906,
    0.48063132166862488,
    -0.25430789589881897,
    0.83923840522766113,
    0.59879273176193237,
    0,
    0,
    0,
    0.99999988079071045
  ],
  "averageVelocity" : 0.19430962204933167,
  "cameraGrain" : 0
}