{
  "time" : 574393.56214645843,
  "cameraGrain" : 0,
  "averageVelocity" : 0,
  "projectionMatrix" : [
    1.5198835134506226,
    0,
    0.034854114055633545,
    0,
    0,
    2.0265111923217773,
    0.0054069757461547852,
    0,
    0,
    0,
    -0.9999997615814209,
    -0.00099999981466680765,
    0,
    0,
    -1,
    0
  ],
  "motionQuality" : 0.96954143047332764,
  "averageAngularVelocity" : 0.10660496354103088,
  "exposureDuration" : 0.0099999997764825821,
  "frame_index" : 9,
  "cameraPoseARFrame" : [
    0.12795224785804749,
    0.9136691689491272,
    0.38579404354095459,
    -0.28096204996109009,
    -0.97205072641372681,
    0.038327071815729141,
    0.23162057995796204,
    0.15199959278106689,
    0.19683818519115448,
    -0.40464785695075989,
    0.89303678274154663,
    0.95733445882797241,
    0,
    0,
    0,
    0.99999994039535522
  ],
  "intrinsics" : [
    1459.088134765625,
    0,
    926.0400390625,
    0,
    1459.088134765625,
    723.39300537109375,
    0,
    0,
    1
  ]
}