{
  "exposureDuration" : 0.0099999997764825821,
  "projectionMatrix" : [
    1.5217647552490234,
    0,
    0.033069491386413574,
    0,
    0,
    2.0290195941925049,
    -0.0065445899963378906,
    0,
    0,
    0,
    -0.9999997615814209,
    -0.00099999981466680765,
    0,
    0,
    -1,
    0
  ],
  "motionQuality" : 0.94347357749938965,
  "averageVelocity" : 0.19784238934516907,
  "time" : 574403.78294904181,
  "frame_index" : 130,
  "cameraPoseARFrame" : [
    0.41731834411621094,
    0.78990966081619263,
    0.44931972026824951,
    -0.23851671814918518,
    -0.90584665536880493,
    0.32201650738716125,
    0.27522161602973938,
    0.31025451421737671,
    0.072711870074272156,
    -0.52186983823776245,
    0.84992051124572754,
    0.59922653436660767,
    0,
    0,
    0,
    0.99999988079071045
  ],
  "intrinsics" : [
    1460.8941650390625,
    0,
    927.7532958984375,
    0,
    1460.8941650390625,
    714.78790283203125,
    0,
    0,
    1
  ],
  "averageAngularVelocity" : 0.14231519401073456,
  "cameraGrain" : 0
}