{
  "cameraPoseARFrame" : [
    -0.01628214493393898,
    0.96818530559539795,
    -0.24970394372940063,
    0.15418460965156555,
    -0.90368759632110596,
    0.092622563242912292,
    0.41805419325828552,
    0.027350302785634995,
    0.42788216471672058,
    0.23246118426322937,
    0.87342917919158936,
    0.75620889663696289,
    0,
    0,
    0,
    0.99999988079071045
  ],
  "time" : 574408.79275891674,
  "intrinsics" : [
    1459.0567626953125,
    0,
    927.79937744140625,
    0,
    1459.0567626953125,
    722.07464599609375,
    0,
    0,
    1
  ],
  "averageVelocity" : 0.17791043221950531,
  "averageAngularVelocity" : 0.24675104022026062,
  "cameraGrain" : 0,
  "motionQuality" : 0.92949968576431274,
  "exposureDuration" : 0.0099999997764825821,
  "frame_index" : 190,
  "projectionMatrix" : [
    1.5198508501052856,
    0,
    0.033021509647369385,
    0,
    0,
    2.0264678001403809,
    0.0035759210586547852,
    0,
    0,
    0,
    -0.9999997615814209,
    -0.00099999981466680765,
    0,
    0,
    -1,
    0
  ]
}