{
  "motionQuality" : 0.93465709686279297,
  "exposureDuration" : 0.0099999997764825821,
  "projectionMatrix" : [
    1.5216025114059448,
    0,
    0.033098280429840088,
    0,
    0,
    2.0288033485412598,
    0.0075584650039672852,
    0,
    0,
    0,
    -0.9999997615814209,
    -0.00099999981466680765,
    0,
    0,
    -1,
    0
  ],
  "averageVelocity" : 0.22870013117790222,
  "time" : 574398.00706508348,
  "averageAngularVelocity" : 0.1925475150346756,
  "cameraGrain" : 0.010731670074164867,
  "frame_index" : 63,
  "intrinsics" : [
    1460.7384033203125,
    0,
    927.72564697265625,
    0,
    1460.7384033203125,
    724.94207763671875,
    0,
    0,
    1
  ],
  "cameraPoseARFrame" : [
    0.17938847839832306,
    0.94318372011184692,
    0.27968642115592957,
    -0.38333803415298462,
    -0.87988489866256714,
    0.026662247255444527,
    0.47443795204162598,
    -0.033461868762969971,
    0.44002503156661987,
    -0.33120065927505493,
    0.83467596769332886,
    0.62668251991271973,
    0,
    0,
    0,
    0.99999994039535522
  ]
}