{
  "time" : 574400.41173670848,
  "intrinsics" : [
    1462.0101318359375,
    0,
    927.06072998046875,
    0,
    1462.0101318359375,
    723.23663330078125,
    0,
    0,
    1
  ],
  "averageVelocity" : 0.13800805807113647,
  "motionQuality" : 0.89835745096206665,
  "averageAngularVelocity" : 0.35574883222579956,
  "cameraGrain" : 0.03702109307050705,
  "exposureDuration" : 0.0099999997764825821,
  "projectionMatrix" : [
    1.5229271650314331,
    0,
    0.033790886402130127,
    0,
    0,
    2.0305695533752441,
    0.0051897764205932617,
    0,
    0,
    0,
    -0.9999997615814209,
    -0.00099999981466680765,
    0,
    0,
    -1,
    0
  ],
  "cameraPoseARFrame" : [
    0.097971700131893158,
    0.97509562969207764,
    0.19897276163101196,
    -0.50213146209716797,
    -0.92566567659378052,
    0.015870818868279457,
    0.37800890207290649,
    -0.30389648675918579,
    0.36543694138526917,
    -0.2212165892124176,
    0.9041675329208374,
    0.61525291204452515,
    0,
    0,
    0,
    0.99999988079071045
  ],
  "frame_index" : 90
}