{
  "cameraPoseARFrame" : [
    -0.028293155133724213,
    0.97665143013000488,
    -0.21295890212059021,
    0.13822001218795776,
    -0.86691528558731079,
    0.082089968025684357,
    0.4916490912437439,
    -0.020969457924365997,
    0.49765157699584961,
    0.19852763414382935,
    0.84435153007507324,
    0.74633854627609253,
    0,
    0,
    0,
    0.99999982118606567
  ],
  "frame_index" : 193,
  "motionQuality" : 0.89983797073364258,
  "averageAngularVelocity" : 0.35056707262992859,
  "averageVelocity" : 0.2051849365234375,
  "time" : 574409.05906683346,
  "exposureDuration" : 0.0099999997764825821,
  "projectionMatrix" : [
    1.5198237895965576,
    0,
    0.032505452632904053,
    0,
    0,
    2.0264317989349365,
    0.0034301877021789551,
    0,
    0,
    0,
    -0.9999997615814209,
    -0.00099999981466680765,
    0,
    0,
    -1,
    0
  ],
  "cameraGrain" : 0,
  "intrinsics" : [
    1459.0308837890625,
    0,
    928.29473876953125,
    0,
    1459.0308837890625,
    721.9697265625,
    0,
    0,
    1
  ]
}