{
  "exposureDuration" : 0.0099999997764825821,
  "time" : 574401.11235275015,
  "frame_index" : 98,
  "averageAngularVelocity" : 0.1593426913022995,
  "cameraGrain" : 0,
  "averageVelocity" : 0.38622859120368958,
  "intrinsics" : [
    1461.9840087890625,
    0,
    925.33489990234375,
    0,
    1461.9840087890625,
    723.8275146484375,
    0,
    0,
    1
  ],
  "motionQuality" : 0.88964897394180298,
  "projectionMatrix" : [
    1.5228999853134155,
    0,
    0.035588622093200684,
    0,
    0,
    2.0305333137512207,
    0.0060104131698608398,
    0,
    0,
    0,
    -0.9999997615814209,
    -0.00099999981466680765,
    0,
    0,
    -1,
    0
  ],
  "cameraPoseARFrame" : [
    0.11953575164079666,
    0.96923774480819702,
    0.21514996886253357,
    -0.41508185863494873,
    -0.93504035472869873,
    0.037048604339361191,
    0.35259988903999329,
    -0.1977500319480896,
    0.33378210663795471,
    -0.24332229793071747,
    0.91070514917373657,
    0.59251827001571655,
    0,
    0,
    0,
    0.99999994039535522
  ]
}