{
  "intrinsics" : [
    1458.9114990234375,
    0,
    925.03375244140625,
    0,
    1458.9114990234375,
    722.355712890625,
    0,
    0,
    1
  ],
  "time" : 574394.73018254177,
  "cameraPoseARFrame" : [
    0.2237439900636673,
    0.89347362518310547,
    0.38941431045532227,
    -0.28454452753067017,
    -0.94396376609802246,
    0.099188022315502167,
    0.31479161977767944,
    0.17388884723186493,
    0.24263276159763336,
    -0.43802580237388611,
    0.86559957265853882,
    0.82944047451019287,
    0,
    0,
    0,
    0.9999997615814209
  ],
  "averageVelocity" : 0.3279154896736145,
  "exposureDuration" : 0.0099999997764825821,
  "cameraGrain" : 0,
  "motionQuality" : 0.90630984306335449,
  "averageAngularVelocity" : 0.19981281459331512,
  "frame_index" : 24,
  "projectionMatrix" : [
    1.5196994543075562,
    0,
    0.035902321338653564,
    0,
    0,
    2.0262658596038818,
    0.0039662718772888184,
    0,
    0,
    0,
    -0.9999997615814209,
    -0.00099999981466680765,
    0,
    0,
    -1,
    0
  ]
}