{
  "exposureDuration" : 0.0099999997764825821,
  "intrinsics" : [
    1461.018798828125,
    0,
    925.6630859375,
    0,
    1461.018798828125,
    724.0462646484375,
    0,
    0,
    1
  ],
  "cameraPoseARFrame" : [
    0.16179352998733521,
    0.95263820886611938,
    0.25749427080154419,
    -0.10085896402597427,
    -0.95843756198883057,
    0.089560747146606445,
    0.27087989449501038,
    0.061953123658895493,
    0.23498918116092682,
    -0.29061895608901978,
    0.92753469944000244,
    0.61079967021942139,
    0,
    0,
    0,
    0.99999988079071045
  ],
  "averageVelocity" : 0.2851664125919342,
  "averageAngularVelocity" : 0.13295154273509979,
  "cameraGrain" : 0,
  "frame_index" : 113,
  "time" : 574402.41409687512,
  "projectionMatrix" : [
    1.5218945741653442,
    0,
    0.035246789455413818,
    0,
    0,
    2.0291926860809326,
    0.0063142776489257812,
    0,
    0,
    0,
    -0.9999997615814209,
    -0.00099999981466680765,
    0,
    0,
    -1,
    0
  ],
  "motionQuality" : 0.91852390766143799
}