{
  "time" : 574399.60907625011,
  "frame_index" : 81,
  "cameraPoseARFrame" : [
    0.11302576214075089,
    0.97575581073760986,
    0.18741926550865173,
    -0.52388900518417358,
    -0.91561263799667358,
    0.02903447300195694,
    0.40101149678230286,
    -0.25122982263565063,
    0.38584765791893005,
    -0.2169281393289566,
    0.89669603109359741,
    0.61737555265426636,
    0,
    0,
    0,
    0.99999994039535522
  ],
  "motionQuality" : 0.92740219831466675,
  "intrinsics" : [
    1461.9632568359375,
    0,
    928.97149658203125,
    0,
    1461.9632568359375,
    723.66326904296875,
    0,
    0,
    1
  ],
  "averageAngularVelocity" : 0.25409239530563354,
  "cameraGrain" : 0.02919049933552742,
  "averageVelocity" : 0.16541604697704315,
  "exposureDuration" : 0.0099999997764825821,
  "projectionMatrix" : [
    1.5228784084320068,
    0,
    0.031800508499145508,
    0,
    0,
    2.0305044651031494,
    0.0057823061943054199,
    0,
    0,
    0,
    -0.9999997615814209,
    -0.00099999981466680765,
    0,
    0,
    -1,
    0
  ]
}