{
  "time" : 574409.29443754174,
  "intrinsics" : [
    1459.4564208984375,
    0,
    928.982421875,
    0,
    1459.4564208984375,
    722.01171875,
    0,
    0,
    1
  ],
  "cameraGrain" : 0,
  "exposureDuration" : 0.0099999997764825821,
  "frame_index" : 196,
  "cameraPoseARFrame" : [
    -0.022090304642915726,
    0.97840934991836548,
    -0.20549216866493225,
    0.11700975149869919,
    -0.84051543474197388,
    0.093119539320468903,
    0.53372484445571899,
    -0.054764214903116226,
    0.5413367748260498,
    0.18450945615768433,
    0.82031130790710449,
    0.7342456579208374,
    0,
    0,
    0,
    0.99999988079071045
  ],
  "averageVelocity" : 0.18865369260311127,
  "projectionMatrix" : [
    1.520267128944397,
    0,
    0.031789124011993408,
    0,
    0,
    2.0270228385925293,
    0.0034884810447692871,
    0,
    0,
    0,
    -0.9999997615814209,
    -0.00099999981466680765,
    0,
    0,
    -1,
    0
  ],
  "motionQuality" : 0.93578392267227173,
  "averageAngularVelocity" : 0.22475636005401611
}