{
  "time" : 574406.25430762512,
  "projectionMatrix" : [
    1.5208725929260254,
    0,
    0.035106658935546875,
    0,
    0,
    2.0278301239013672,
    -0.0043175220489501953,
    0,
    0,
    0,
    -0.9999997615814209,
    -0.00099999981466680765,
    0,
    0,
    -1,
    0
  ],
  "motionQuality" : 0.91414791345596313,
  "exposureDuration" : 0.0099999997764825821,
  "intrinsics" : [
    1460.0377197265625,
    0,
    925.797607421875,
    0,
    1460.0377197265625,
    716.39141845703125,
    0,
    0,
    1
  ],
  "cameraPoseARFrame" : [
    0.19497063755989075,
    0.97090065479278564,
    -0.13906273245811462,
    0.03257417306303978,
    -0.96107584238052368,
    0.21741566061973572,
    0.17047984898090363,
    0.35401028394699097,
    0.19575341045856476,
    0.10041127353906631,
    0.97549891471862793,
    0.70137321949005127,
    0,
    0,
    0,
    0.99999988079071045
  ],
  "averageVelocity" : 0.19482935965061188,
  "averageAngularVelocity" : 0.30048239231109619,
  "cameraGrain" : 0,
  "frame_index" : 161
}