{
  "motionQuality" : 0.98312455415725708,
  "intrinsics" : [
    1458.9791259765625,
    0,
    926.02716064453125,
    0,
    1458.9791259765625,
    723.7225341796875,
    0,
    0,
    1
  ],
  "averageAngularVelocity" : 0.05906398594379425,
  "frame_index" : 2,
  "projectionMatrix" : [
    1.5197699069976807,
    0,
    0.034867525100708008,
    0,
    0,
    2.0263597965240479,
    0.0058646202087402344,
    0,
    0,
    0,
    -0.9999997615814209,
    -0.00099999981466680765,
    0,
    0,
    -1,
    0
  ],
  "cameraGrain" : 0,
  "time" : 574392.99366729183,
  "cameraPoseARFrame" : [
    0.13823413848876953,
    0.91340023279190063,
    0.38287240266799927,
    -0.288583904504776,
    -0.96607625484466553,
    0.039206847548484802,
    0.25526303052902222,
    0.15463346242904663,
    0.21814613044261932,
    -0.40517014265060425,
    0.88783407211303711,
    0.95700055360794067,
    0,
    0,
    0,
    0.99999988079071045
  ],
  "averageVelocity" : 0,
  "exposureDuration" : 0.0099999997764825821
}