{
  "cameraGrain" : 0,
  "cameraPoseARFrame" : [
    -0.022189481183886528,
    0.95966506004333496,
    -0.28026860952377319,
    0.17401924729347229,
    -0.92963731288909912,
    0.083329498767852783,
    0.35892918705940247,
    0.10215919464826584,
    0.36780643463134766,
    0.26851263642311096,
    0.89029157161712646,
    0.75937736034393311,
    0,
    0,
    0,
    0.99999988079071045
  ],
  "motionQuality" : 0.95711493492126465,
  "intrinsics" : [
    1459.4979248046875,
    0,
    926.79296875,
    0,
    1459.4979248046875,
    721.93927001953125,
    0,
    0,
    1
  ],
  "time" : 574408.29156200017,
  "averageVelocity" : 0.14576710760593414,
  "exposureDuration" : 0.0099999997764825821,
  "projectionMatrix" : [
    1.5203102827072144,
    0,
    0.034069836139678955,
    0,
    0,
    2.0270805358886719,
    0.0033878684043884277,
    0,
    0,
    0,
    -0.9999997615814209,
    -0.00099999981466680765,
    0,
    0,
    -1,
    0
  ],
  "frame_index" : 185,
  "averageAngularVelocity" : 0.1500978022813797
}