{
  "motionQuality" : 0.94377410411834717,
  "cameraGrain" : 0,
  "projectionMatrix" : [
    1.5221648216247559,
    0,
    0.02863776683807373,
    0,
    0,
    2.0295529365539551,
    -0.0034388303756713867,
    0,
    0,
    0,
    -0.9999997615814209,
    -0.00099999981466680765,
    0,
    0,
    -1,
    0
  ],
  "averageAngularVelocity" : 0.11678937822580338,
  "time" : 574396.70225804183,
  "averageVelocity" : 0.19679062068462372,
  "intrinsics" : [
    1461.2781982421875,
    0,
    932.00775146484375,
    0,
    1461.2781982421875,
    717.0240478515625,
    0,
    0,
    1
  ],
  "exposureDuration" : 0.0099999997764825821,
  "cameraPoseARFrame" : [
    0.43460604548454285,
    0.84561645984649658,
    0.30992001295089722,
    -0.36148446798324585,
    -0.83336752653121948,
    0.24711121618747711,
    0.49440291523933411,
    0.18993169069290161,
    0.34149050712585449,
    -0.4731479287147522,
    0.81210547685623169,
    0.58954226970672607,
    0,
    0,
    0,
    0.99999988079071045
  ],
  "frame_index" : 48
}