{
  "intrinsics" : [
    1459.041259765625,
    0,
    932.4781494140625,
    0,
    1459.041259765625,
    723.18060302734375,
    0,
    0,
    1
  ],
  "averageVelocity" : 0.01811993308365345,
  "averageAngularVelocity" : 0,
  "cameraGrain" : 0,
  "exposureDuration" : 0.0099999997764825821,
  "time" : 574410.59551170841,
  "cameraPoseARFrame" : [
    0.018045766279101372,
    0.99978435039520264,
    -0.010278803296387196,
    -0.036010205745697021,
    -0.77182495594024658,
    0.020464818924665451,
    0.63550537824630737,
    -0.11168360710144043,
    0.63557875156402588,
    -0.0035347859375178814,
    0.77202790975570679,
    0.65074753761291504,
    0,
    0,
    0,
    0.99999994039535522
  ],
  "projectionMatrix" : [
    1.5198346376419067,
    0,
    0.028147757053375244,
    0,
    0,
    2.0264461040496826,
    0.0051119327545166016,
    0,
    0,
    0,
    -0.9999997615814209,
    -0.00099999981466680765,
    0,
    0,
    -1,
    0
  ],
  "motionQuality" : 0.98113757371902466,
  "frame_index" : 211
}