{
  "projectionMatrix" : [
    1.5228134393692017,
    0,
    0.032834112644195557,
    0,
    0,
    2.0304179191589355,
    0.0045872330665588379,
    0,
    0,
    0,
    -0.9999997615814209,
    -0.00099999981466680765,
    0,
    0,
    -1,
    0
  ],
  "intrinsics" : [
    1461.90087890625,
    0,
    927.979248046875,
    0,
    1461.90087890625,
    722.80279541015625,
    0,
    0,
    1
  ],
  "averageVelocity" : 0.31474202871322632,
  "cameraGrain" : 0,
  "frame_index" : 103,
  "averageAngularVelocity" : 0.30293220281600952,
  "cameraPoseARFrame" : [
    0.094731934368610382,
    0.97534137964248657,
    0.19933649897575378,
    -0.29464572668075562,
    -0.95746904611587524,
    0.034448117017745972,
    0.28647151589393616,
    -0.089968390762805939,
    0.27254077792167664,
    -0.21799662709236145,
    0.937122642993927,
    0.61145567893981934,
    0,
    0,
    0,
    0.99999988079071045
  ],
  "motionQuality" : 0.91007369756698608,
  "time" : 574401.54595608346,
  "exposureDuration" : 0.0099999997764825821
}