{
  "averageAngularVelocity" : 0,
  "intrinsics" : [
    1461.7763671875,
    0,
    928.77166748046875,
    0,
    1461.7763671875,
    723.845458984375,
    0,
    0,
    1
  ],
  "motionQuality" : 0.94543111324310303,
  "projectionMatrix" : [
    1.5226837396621704,
    0,
    0.032008707523345947,
    0,
    0,
    2.0302450656890869,
    0.0060353875160217285,
    0,
    0,
    0,
    -0.9999997615814209,
    -0.00099999981466680765,
    0,
    0,
    -1,
    0
  ],
  "frame_index" : 83,
  "averageVelocity" : 0.1909911036491394,
  "exposureDuration" : 0.0099999997764825821,
  "cameraPoseARFrame" : [
    0.12100689113140106,
    0.97551590204238892,
    0.18364642560482025,
    -0.51557016372680664,
    -0.90834498405456543,
    0.034206066280603409,
    0.41681987047195435,
    -0.28987550735473633,
    0.40033262968063354,
    -0.21725250780582428,
    0.89024418592453003,
    0.61795026063919067,
    0,
    0,
    0,
    0.9999997615814209
  ],
  "time" : 574399.80946354184,
  "cameraGrain" : 0.03504551574587822
}