{
  "time" : 574399.90907691675,
  "motionQuality" : 0.95133793354034424,
  "exposureDuration" : 0.0099999997764825821,
  "intrinsics" : [
    1462.482177734375,
    0,
    928.96295166015625,
    0,
    1462.482177734375,
    723.6593017578125,
    0,
    0,
    1
  ],
  "averageVelocity" : 0.17031712830066681,
  "frame_index" : 84,
  "projectionMatrix" : [
    1.5234189033508301,
    0,
    0.031809449195861816,
    0,
    0,
    2.0312252044677734,
    0.005776822566986084,
    0,
    0,
    0,
    -0.9999997615814209,
    -0.00099999981466680765,
    0,
    0,
    -1,
    0
  ],
  "cameraGrain" : 0,
  "averageAngularVelocity" : 0.10097981989383698,
  "cameraPoseARFrame" : [
    0.12364043295383453,
    0.9745185375213623,
    0.18715456128120422,
    -0.5155785083770752,
    -0.90468710660934448,
    0.03320235013961792,
    0.42478051781654358,
    -0.30675423145294189,
    0.40774247050285339,
    -0.22183647751808167,
    0.88573956489562988,
    0.61814147233963013,
    0,
    0,
    0,
    0.99999988079071045
  ]
}