{
  "motionQuality" : 0.92817527055740356,
  "intrinsics" : [
    1460.6866455078125,
    0,
    927.78045654296875,
    0,
    1460.6866455078125,
    725.4091796875,
    0,
    0,
    1
  ],
  "frame_index" : 64,
  "time" : 574398.10756116675,
  "cameraGrain" : 0.010050582699477673,
  "cameraPoseARFrame" : [
    0.17547042667865753,
    0.94488275051116943,
    0.2764180600643158,
    -0.40839925408363342,
    -0.8823007345199585,
    0.026369426399469376,
    0.46994650363922119,
    -0.03533804789185524,
    0.43675526976585388,
    -0.32634574174880981,
    0.83829784393310547,
    0.62394636869430542,
    0,
    0,
    0,
    0.99999988079071045
  ],
  "averageVelocity" : 0.25138655304908752,
  "projectionMatrix" : [
    1.5215486288070679,
    0,
    0.033041179180145264,
    0,
    0,
    2.0287313461303711,
    0.0082072019577026367,
    0,
    0,
    0,
    -0.9999997615814209,
    -0.00099999981466680765,
    0,
    0,
    -1,
    0
  ],
  "exposureDuration" : 0.0099999997764825821,
  "averageAngularVelocity" : 0.10503074526786804
}