{
  "cameraPoseARFrame" : [
    0.36592668294906616,
    0.86036062240600586,
    0.35479182004928589,
    -0.34965634346008301,
    -0.86317723989486694,
    0.17125920951366425,
    0.47496837377548218,
    0.11372416466474533,
    0.34788268804550171,
    -0.48005199432373047,
    0.80531209707260132,
    0.61988335847854614,
    0,
    0,
    0,
    0.99999988079071045
  ],
  "averageAngularVelocity" : 0.14246009290218353,
  "averageVelocity" : 0.20408225059509277,
  "intrinsics" : [
    1460.6605224609375,
    0,
    931.744384765625,
    0,
    1460.6605224609375,
    717.0233154296875,
    0,
    0,
    1
  ],
  "frame_index" : 52,
  "motionQuality" : 0.94169080257415771,
  "time" : 574397.06938550016,
  "cameraGrain" : 0,
  "exposureDuration" : 0.0099999997764825821,
  "projectionMatrix" : [
    1.5215213298797607,
    0,
    0.028912127017974854,
    0,
    0,
    2.0286951065063477,
    -0.003439784049987793,
    0,
    0,
    0,
    -0.9999997615814209,
    -0.00099999981466680765,
    0,
    0,
    -1,
    0
  ]
}