{
  "time" : 574409.39466179174,
  "intrinsics" : [
    1459.321533203125,
    0,
    929.18292236328125,
    0,
    1459.321533203125,
    722.3599853515625,
    0,
    0,
    1
  ],
  "cameraGrain" : 0,
  "exposureDuration" : 0.0099999997764825821,
  "frame_index" : 197,
  "cameraPoseARFrame" : [
    0.0014446456916630268,
    0.97465556859970093,
    -0.22370591759681702,
    0.10336145013570786,
    -0.82405579090118408,
    0.12789140641689301,
    0.55188345909118652,
    -0.067305333912372589,
    0.56650644540786743,
    0.18354888260364532,
    0.80335551500320435,
    0.72529524564743042,
    0,
    0,
    0,
    0.99999988079071045
  ],
  "averageVelocity" : 0.20628875494003296,
  "projectionMatrix" : [
    1.5201265811920166,
    0,
    0.031580269336700439,
    0,
    0,
    2.0268354415893555,
    0.003972172737121582,
    0,
    0,
    0,
    -0.9999997615814209,
    -0.00099999981466680765,
    0,
    0,
    -1,
    0
  ],
  "motionQuality" : 0.9149092435836792,
  "averageAngularVelocity" : 0.29781761765480042
}