{
  "exposureDuration" : 0.0099999997764825821,
  "intrinsics" : [
    1459.3787841796875,
    0,
    926.1644287109375,
    0,
    1459.3787841796875,
    722.0386962890625,
    0,
    0,
    1
  ],
  "averageAngularVelocity" : 0.17595581710338593,
  "time" : 574395.06528237509,
  "averageVelocity" : 0.28730621933937073,
  "motionQuality" : 0.91791248321533203,
  "frame_index" : 28,
  "cameraPoseARFrame" : [
    0.25877642631530762,
    0.89193981885910034,
    0.37078040838241577,
    -0.29613471031188965,
    -0.93548941612243652,
    0.13580317795276642,
    0.32621568441390991,
    0.20908509194850922,
    0.24061159789562225,
    -0.43127825856208801,
    0.86954301595687866,
    0.73962908983230591,
    0,
    0,
    0,
    0.99999982118606567
  ],
  "cameraGrain" : 0,
  "projectionMatrix" : [
    1.520186185836792,
    0,
    0.034724533557891846,
    0,
    0,
    2.0269150733947754,
    0.0035259723663330078,
    0,
    0,
    0,
    -0.9999997615814209,
    -0.00099999981466680765,
    0,
    0,
    -1,
    0
  ]
}