{
  "cameraGrain" : 0,
  "averageVelocity" : 0.15496386587619781,
  "exposureDuration" : 0.0099999997764825821,
  "motionQuality" : 0.95572459697723389,
  "projectionMatrix" : [
    1.520775318145752,
    0,
    0.034942388534545898,
    0,
    0,
    2.0277004241943359,
    0.0008131861686706543,
    0,
    0,
    0,
    -0.9999997615814209,
    -0.00099999981466680765,
    0,
    0,
    -1,
    0
  ],
  "frame_index" : 169,
  "cameraPoseARFrame" : [
    0.073660761117935181,
    0.96342355012893677,
    -0.25766098499298096,
    0.12651032209396362,
    -0.96924036741256714,
    0.12999635934829712,
    0.20898227393627167,
    0.29039090871810913,
    0.23483346402645111,
    0.23434162139892578,
    0.94336485862731934,
    0.73823964595794678,
    0,
    0,
    0,
    0.99999988079071045
  ],
  "time" : 574406.92187658348,
  "averageAngularVelocity" : 0.1264735609292984,
  "intrinsics" : [
    1459.9443359375,
    0,
    925.955322265625,
    0,
    1459.9443359375,
    720.08551025390625,
    0,
    0,
    1
  ]
}