{
  "averageVelocity" : 0.10618873685598373,
  "exposureDuration" : 0.0099999997764825821,
  "frame_index" : 206,
  "motionQuality" : 0.89443331956863403,
  "time" : 574410.12914529175,
  "intrinsics" : [
    1459.0567626953125,
    0,
    931.8505859375,
    0,
    1459.0567626953125,
    721.30438232421875,
    0,
    0,
    1
  ],
  "projectionMatrix" : [
    1.5198508501052856,
    0,
    0.028801500797271729,
    0,
    0,
    2.0264678001403809,
    0.0025060772895812988,
    0,
    0,
    0,
    -0.9999997615814209,
    -0.00099999981466680765,
    0,
    0,
    -1,
    0
  ],
  "cameraGrain" : 0,
  "cameraPoseARFrame" : [
    0.032718542963266373,
    0.99943250417709351,
    0.0080130072310566902,
    -0.018027421087026596,
    -0.80621486902236938,
    0.02165297232568264,
    0.59122598171234131,
    -0.098653033375740051,
    0.59071701765060425,
    -0.025804320350289345,
    0.80646586418151855,
    0.65012669563293457,
    0,
    0,
    0,
    0.9999997615814209
  ],
  "averageAngularVelocity" : 0.36948329210281372
}