{
  "time" : 574410.39601408341,
  "frame_index" : 209,
  "averageVelocity" : 0,
  "averageAngularVelocity" : 0.39394161105155945,
  "exposureDuration" : 0.0099999997764825821,
  "motionQuality" : 0.88744527101516724,
  "cameraGrain" : 0,
  "intrinsics" : [
    1459.0567626953125,
    0,
    932.57403564453125,
    0,
    1459.0567626953125,
    722.07025146484375,
    0,
    0,
    1
  ],
  "projectionMatrix" : [
    1.5198508501052856,
    0,
    0.028047859668731689,
    0,
    0,
    2.0264678001403809,
    0.0035697817802429199,
    0,
    0,
    0,
    -0.9999997615814209,
    -0.00099999981466680765,
    0,
    0,
    -1,
    0
  ],
  "cameraPoseARFrame" : [
    0.031793795526027679,
    0.9994853138923645,
    -0.0042830454185605049,
    -0.035102549940347672,
    -0.78550392389297485,
    0.027636324986815453,
    0.61823898553848267,
    -0.10743726044893265,
    0.61803919076919556,
    -0.016291890293359756,
    0.78597831726074219,
    0.64983141422271729,
    0,
    0,
    0,
    0.99999988079071045
  ]
}