{
  "time" : 574394.39961004176,
  "intrinsics" : [
    1459.165771484375,
    0,
    925.93328857421875,
    0,
    1459.165771484375,
    723.65374755859375,
    0,
    0,
    1
  ],
  "motionQuality" : 0.8867257833480835,
  "frame_index" : 20,
  "averageAngularVelocity" : 0.39645969867706299,
  "exposureDuration" : 0.0099999997764825821,
  "averageVelocity" : 0.17743535339832306,
  "projectionMatrix" : [
    1.519964337348938,
    0,
    0.034965336322784424,
    0,
    0,
    2.0266191959381104,
    0.0057690739631652832,
    0,
    0,
    0,
    -0.9999997615814209,
    -0.00099999981466680765,
    0,
    0,
    -1,
    0
  ],
  "cameraGrain" : 0,
  "cameraPoseARFrame" : [
    0.183270663022995,
    0.8859444260597229,
    0.42604488134384155,
    -0.28144228458404541,
    -0.95388710498809814,
    0.055463764816522598,
    0.29499638080596924,
    0.14185117185115814,
    0.23772034049034119,
    -0.4604630172252655,
    0.85525590181350708,
    0.92115652561187744,
    0,
    0,
    0,
    0.99999982118606567
  ]
}