{
  "exposureDuration" : 0.0099999997764825821,
  "projectionMatrix" : [
    1.522132396697998,
    0,
    0.032647192478179932,
    0,
    0,
    2.0295097827911377,
    0.0057671666145324707,
    0,
    0,
    0,
    -0.9999997615814209,
    -0.00099999981466680765,
    0,
    0,
    -1,
    0
  ],
  "frame_index" : 106,
  "averageAngularVelocity" : 0.2807324230670929,
  "cameraGrain" : 0,
  "motionQuality" : 0.91438019275665283,
  "time" : 574401.81393420848,
  "intrinsics" : [
    1461.2470703125,
    0,
    928.15869140625,
    0,
    1461.2470703125,
    723.65234375,
    0,
    0,
    1
  ],
  "averageVelocity" : 0.29966923594474792,
  "cameraPoseARFrame" : [
    0.10005567222833633,
    0.95596987009048462,
    0.27588137984275818,
    -0.2274860292673111,
    -0.95103049278259277,
    0.010387606918811798,
    0.30892181396484375,
    -0.066178090870380402,
    0.29245424270629883,
    -0.29328107833862305,
    0.91019594669342041,
    0.61441308259963989,
    0,
    0,
    0,
    0.99999988079071045
  ]
}