{
  "motionQuality" : 0.914084792137146,
  "intrinsics" : [
    1460.8421630859375,
    0,
    927.06805419921875,
    0,
    1460.8421630859375,
    717.9169921875,
    0,
    0,
    1
  ],
  "cameraGrain" : 0,
  "averageAngularVelocity" : 0.30070316791534424,
  "frame_index" : 125,
  "time" : 574403.44845908345,
  "cameraPoseARFrame" : [
    0.39755401015281677,
    0.81777435541152954,
    0.41616827249526978,
    -0.19851844012737274,
    -0.91203856468200684,
    0.30240866541862488,
    0.27700966596603394,
    0.2539631724357605,
    0.10067851096391678,
    -0.48968786001205444,
    0.86606556177139282,
    0.61245667934417725,
    0,
    0,
    0,
    0.99999988079071045
  ],
  "averageVelocity" : 0.22166498005390167,
  "exposureDuration" : 0.0099999997764825821,
  "projectionMatrix" : [
    1.5217106342315674,
    0,
    0.033783257007598877,
    0,
    0,
    2.0289473533630371,
    -0.0021985769271850586,
    0,
    0,
    0,
    -0.9999997615814209,
    -0.00099999981466680765,
    0,
    0,
    -1,
    0
  ]
}