{
  "averageVelocity" : 0.15040653944015503,
  "exposureDuration" : 0.0099999997764825821,
  "cameraGrain" : 0,
  "time" : 574404.81717537518,
  "frame_index" : 142,
  "averageAngularVelocity" : 0.18395483493804932,
  "motionQuality" : 0.9474414587020874,
  "intrinsics" : [
    1460.9510498046875,
    0,
    929.16363525390625,
    0,
    1460.9510498046875,
    712.27056884765625,
    0,
    0,
    1
  ],
  "cameraPoseARFrame" : [
    0.52507156133651733,
    0.79049462080001831,
    0.31530612707138062,
    -0.20844212174415588,
    -0.84973728656768799,
    0.46631905436515808,
    0.24595247209072113,
    0.48497194051742554,
    0.047390807420015335,
    -0.39707019925117493,
    0.91656374931335449,
    0.6199491024017334,
    0,
    0,
    0,
    0.9999997615814209
  ],
  "projectionMatrix" : [
    1.5218240022659302,
    0,
    0.031600356101989746,
    0,
    0,
    2.0290987491607666,
    -0.010040879249572754,
    0,
    0,
    0,
    -0.9999997615814209,
    -0.00099999981466680765,
    0,
    0,
    -1,
    0
  ]
}