{
  "averageAngularVelocity" : 0.14492182433605194,
  "cameraGrain" : 0.03414437547326088,
  "motionQuality" : 0.95859378576278687,
  "exposureDuration" : 0.0099999997764825821,
  "averageVelocity" : 0.050295103341341019,
  "projectionMatrix" : [
    1.5232785940170288,
    0,
    0.032868623733520508,
    0,
    0,
    2.0310380458831787,
    0.0056752562522888184,
    0,
    0,
    0,
    -0.9999997615814209,
    -0.00099999981466680765,
    0,
    0,
    -1,
    0
  ],
  "cameraPoseARFrame" : [
    0.13536424934864044,
    0.97158795595169067,
    0.19414706528186798,
    -0.51210612058639526,
    -0.90165328979492188,
    0.039567325264215469,
    0.4306451678276062,
    -0.32560396194458008,
    0.41072782874107361,
    -0.23334740102291107,
    0.88139170408248901,
    0.61852318048477173,
    0,
    0,
    0,
    0.99999988079071045
  ],
  "frame_index" : 88,
  "intrinsics" : [
    1462.347412109375,
    0,
    927.94610595703125,
    0,
    1462.347412109375,
    723.586181640625,
    0,
    0,
    1
  ],
  "time" : 574400.21159079182
}