{
  "cameraPoseARFrame" : [
    -0.01730542816221714,
    0.9554973840713501,
    -0.2944914698600769,
    0.17989018559455872,
    -0.93818569183349609,
    0.08631809800863266,
    0.33519613742828369,
    0.12999938428401947,
    0.34569904208183289,
    0.28208836913108826,
    0.89494031667709351,
    0.76100492477416992,
    0,
    0,
    0,
    0.99999982118606567
  ],
  "motionQuality" : 0.95072400569915771,
  "averageVelocity" : 0.14008589088916779,
  "cameraGrain" : 0,
  "exposureDuration" : 0.0099999997764825821,
  "frame_index" : 183,
  "time" : 574408.09162008343,
  "intrinsics" : [
    1459.5135498046875,
    0,
    926.5426025390625,
    0,
    1459.5135498046875,
    721.4671630859375,
    0,
    0,
    1
  ],
  "projectionMatrix" : [
    1.5203266143798828,
    0,
    0.034330606460571289,
    0,
    0,
    2.0271022319793701,
    0.0027321577072143555,
    0,
    0,
    0,
    -0.9999997615814209,
    -0.00099999981466680765,
    0,
    0,
    -1,
    0
  ],
  "averageAngularVelocity" : 0.17246590554714203
}