{
  "motionQuality" : 0.96066296100616455,
  "intrinsics" : [
    1459.114013671875,
    0,
    926.2083740234375,
    0,
    1459.114013671875,
    723.31109619140625,
    0,
    0,
    1
  ],
  "averageAngularVelocity" : 0.13767962157726288,
  "frame_index" : 7,
  "projectionMatrix" : [
    1.519910454750061,
    0,
    0.034678757190704346,
    0,
    0,
    2.0265471935272217,
    0.0052931904792785645,
    0,
    0,
    0,
    -0.9999997615814209,
    -0.00099999981466680765,
    0,
    0,
    -1,
    0
  ],
  "cameraGrain" : 0,
  "time" : 574393.39719116676,
  "cameraPoseARFrame" : [
    0.1364719569683075,
    0.91573482751846313,
    0.3778955340385437,
    -0.28188669681549072,
    -0.96832352876663208,
    0.042791061103343964,
    0.2460038810968399,
    0.15238063037395477,
    0.2091037780046463,
    -0.39949795603752136,
    0.89256751537322998,
    0.95569384098052979,
    0,
    0,
    0,
    0.9999997615814209
  ],
  "averageVelocity" : 0.020452074706554413,
  "exposureDuration" : 0.0099999997764825821
}