{
  "cameraPoseARFrame" : [
    0.26583880186080933,
    0.90569043159484863,
    0.33023414015769958,
    -0.1306789368391037,
    -0.95580595731735229,
    0.20301097631454468,
    0.21265287697315216,
    0.19635242223739624,
    0.12555648386478424,
    -0.37217122316360474,
    0.91963261365890503,
    0.61445361375808716,
    0,
    0,
    0,
    0.99999988079071045
  ],
  "averageVelocity" : 0.16912750899791718,
  "cameraGrain" : 0,
  "time" : 574403.01431754185,
  "motionQuality" : 0.94297206401824951,
  "exposureDuration" : 0.0099999997764825821,
  "frame_index" : 120,
  "intrinsics" : [
    1460.36474609375,
    0,
    926.7562255859375,
    0,
    1460.36474609375,
    721.5477294921875,
    0,
    0,
    1
  ],
  "projectionMatrix" : [
    1.5212132930755615,
    0,
    0.034108102321624756,
    0,
    0,
    2.0282843112945557,
    0.0028440952301025391,
    0,
    0,
    0,
    -0.9999997615814209,
    -0.00099999981466680765,
    0,
    0,
    -1,
    0
  ],
  "averageAngularVelocity" : 0.19959777593612671
}