{
  "cameraGrain" : 0,
  "motionQuality" : 0.92840576171875,
  "time" : 574410.22836162511,
  "exposureDuration" : 0.0099999997764825821,
  "frame_index" : 207,
  "intrinsics" : [
    1458.9063720703125,
    0,
    932.3299560546875,
    0,
    1458.9063720703125,
    721.0552978515625,
    0,
    0,
    1
  ],
  "projectionMatrix" : [
    1.5196940898895264,
    0,
    0.028302133083343506,
    0,
    0,
    2.0262589454650879,
    0.0021601319313049316,
    0,
    0,
    0,
    -0.9999997615814209,
    -0.00099999981466680765,
    0,
    0,
    -1,
    0
  ],
  "cameraPoseARFrame" : [
    0.025008918717503548,
    0.99948441982269287,
    0.020130814984440804,
    -0.026012461632490158,
    -0.81312209367752075,
    0.0086230188608169556,
    0.58202880620956421,
    -0.10014678537845612,
    0.58155524730682373,
    -0.030924815684556961,
    0.81291872262954712,
    0.65146267414093018,
    0,
    0,
    0,
    0.9999997615814209
  ],
  "averageVelocity" : 0.085314802825450897,
  "averageAngularVelocity" : 0.250579833984375
}