{
  "cameraPoseARFrame" : [
    0.11221986263990402,
    0.97261971235275269,
    -0.20351317524909973,
    0.088270522654056549,
    -0.96882385015487671,
    0.15261782705783844,
    0.19516086578369141,
    0.32628047466278076,
    0.22087705135345459,
    0.17526748776435852,
    0.95942407846450806,
    0.71791630983352661,
    0,
    0,
    0,
    0.99999982118606567
  ],
  "projectionMatrix" : [
    1.5208187103271484,
    0,
    0.034438431262969971,
    0,
    0,
    2.0277583599090576,
    -0.0037159919738769531,
    0,
    0,
    0,
    -0.9999997615814209,
    -0.00099999981466680765,
    0,
    0,
    -1,
    0
  ],
  "motionQuality" : 0.93691962957382202,
  "intrinsics" : [
    1459.9859619140625,
    0,
    926.4390869140625,
    0,
    1459.9859619140625,
    716.82452392578125,
    0,
    0,
    1
  ],
  "frame_index" : 164,
  "averageVelocity" : 0.21146862208843231,
  "averageAngularVelocity" : 0.22078126668930054,
  "exposureDuration" : 0.0099999997764825821,
  "time" : 574406.55539729178,
  "cameraGrain" : 0
}