{
  "intrinsics" : [
    1460.977294921875,
    0,
    928.7176513671875,
    0,
    1460.977294921875,
    712.617919921875,
    0,
    0,
    1
  ],
  "frame_index" : 139,
  "cameraPoseARFrame" : [
    0.48086258769035339,
    0.81481009721755981,
    0.3238140344619751,
    -0.20057277381420135,
    -0.87423843145370483,
    0.41737765073776245,
    0.24799752235412598,
    0.45146149396896362,
    0.066918067634105682,
    -0.40234360098838806,
    0.91303980350494385,
    0.60177969932556152,
    0,
    0,
    0,
    0.99999988079071045
  ],
  "projectionMatrix" : [
    1.5218513011932373,
    0,
    0.032064974308013916,
    0,
    0,
    2.0291352272033691,
    -0.0095584392547607422,
    0,
    0,
    0,
    -0.9999997615814209,
    -0.00099999981466680765,
    0,
    0,
    -1,
    0
  ],
  "cameraGrain" : 0,
  "exposureDuration" : 0.0099999997764825821,
  "motionQuality" : 0.93878644704818726,
  "averageVelocity" : 0.21424737572669983,
  "averageAngularVelocity" : 0.086913265287876129,
  "time" : 574404.58440408343
}