{
  "cameraPoseARFrame" : [
    0.26265653967857361,
    0.88499879837036133,
    0.38443294167518616,
    -0.33005920052528381,
    -0.90087968111038208,
    0.082229889929294586,
    0.42620852589607239,
    0.049079116433858871,
    0.34558221697807312,
    -0.45827439427375793,
    0.81887578964233398,
    0.63951963186264038,
    0,
    0,
    0,
    0.99999988079071045
  ],
  "averageAngularVelocity" : 0.1222737580537796,
  "frame_index" : 56,
  "averageVelocity" : 0.230778768658638,
  "motionQuality" : 0.93406319618225098,
  "projectionMatrix" : [
    1.521586537361145,
    0,
    0.031162500381469727,
    0,
    0,
    2.0287818908691406,
    -0.0010576248168945312,
    0,
    0,
    0,
    -0.9999997615814209,
    -0.00099999981466680765,
    0,
    0,
    -1,
    0
  ],
  "cameraGrain" : 0,
  "exposureDuration" : 0.0099999997764825821,
  "time" : 574397.40665125009,
  "intrinsics" : [
    1460.7230224609375,
    0,
    929.583984375,
    0,
    1460.7230224609375,
    718.738525390625,
    0,
    0,
    1
  ]
}