{
  "motionQuality" : 0.9606202244758606,
  "cameraPoseARFrame" : [
    -0.018024815246462822,
    0.95747435092926025,
    -0.28795483708381653,
    0.17661967873573303,
    -0.93393862247467041,
    0.086703561246395111,
    0.34675753116607666,
    0.11651992052793503,
    0.35697817802429199,
    0.27518239617347717,
    0.89265960454940796,
    0.75988703966140747,
    0,
    0,
    0,
    0.99999982118606567
  ],
  "averageVelocity" : 0.13752196729183197,
  "cameraGrain" : 0,
  "exposureDuration" : 0.0099999997764825821,
  "frame_index" : 184,
  "time" : 574408.19156850013,
  "projectionMatrix" : [
    1.5202833414077759,
    0,
    0.034266293048858643,
    0,
    0,
    2.0270445346832275,
    0.0031563639640808105,
    0,
    0,
    0,
    -0.9999997615814209,
    -0.00099999981466680765,
    0,
    0,
    -1,
    0
  ],
  "intrinsics" : [
    1459.4720458984375,
    0,
    926.6043701171875,
    0,
    1459.4720458984375,
    721.7725830078125,
    0,
    0,
    1
  ],
  "averageAngularVelocity" : 0.1378292441368103
}