{
  "time" : 574400.9113656251,
  "motionQuality" : 0.90587544441223145,
  "projectionMatrix" : [
    1.5235055685043335,
    0,
    0.033880472183227539,
    0,
    0,
    2.0313405990600586,
    0.0061266422271728516,
    0,
    0,
    0,
    -0.9999997615814209,
    -0.00099999981466680765,
    0,
    0,
    -1,
    0
  ],
  "exposureDuration" : 0.0099999997764825821,
  "averageAngularVelocity" : 0.16536183655261993,
  "cameraGrain" : 0.032730646431446075,
  "frame_index" : 95,
  "intrinsics" : [
    1462.5653076171875,
    0,
    926.9747314453125,
    0,
    1462.5653076171875,
    723.91119384765625,
    0,
    0,
    1
  ],
  "cameraPoseARFrame" : [
    0.10956031084060669,
    0.96763533353805542,
    0.22732873260974884,
    -0.45852646231651306,
    -0.92866712808609009,
    0.018112508580088615,
    0.37047123908996582,
    -0.26016157865524292,
    0.35436353087425232,
    -0.25170180201530457,
    0.90059572458267212,
    0.59438538551330566,
    0,
    0,
    0,
    0.99999988079071045
  ],
  "averageVelocity" : 0.32943585515022278
}