{
  "motionQuality" : 0.93796306848526001,
  "cameraGrain" : 0,
  "projectionMatrix" : [
    1.5216729640960693,
    0,
    0.028249025344848633,
    0,
    0,
    2.0288972854614258,
    -0.0039879083633422852,
    0,
    0,
    0,
    -0.9999997615814209,
    -0.00099999981466680765,
    0,
    0,
    -1,
    0
  ],
  "averageAngularVelocity" : 0.11318162083625793,
  "time" : 574397.00266716676,
  "averageVelocity" : 0.21712927520275116,
  "intrinsics" : [
    1460.8060302734375,
    0,
    932.38092041015625,
    0,
    1460.8060302734375,
    716.62872314453125,
    0,
    0,
    1
  ],
  "exposureDuration" : 0.0099999997764825821,
  "cameraPoseARFrame" : [
    0.38268139958381653,
    0.8566630482673645,
    0.34595263004302979,
    -0.35239985585212708,
    -0.85719984769821167,
    0.18955166637897491,
    0.47883006930351257,
    0.12610620260238647,
    0.34462013840675354,
    -0.47979006171226501,
    0.8068695068359375,
    0.61536818742752075,
    0,
    0,
    0,
    0.99999988079071045
  ],
  "frame_index" : 51
}