{
  "cameraGrain" : 0,
  "averageVelocity" : 0.21860574185848236,
  "exposureDuration" : 0.0099999997764825821,
  "motionQuality" : 0.93622380495071411,
  "projectionMatrix" : [
    1.5217593908309937,
    0,
    0.030656516551971436,
    0,
    0,
    2.0290124416351318,
    -0.0021250247955322266,
    0,
    0,
    0,
    -0.9999997615814209,
    -0.00099999981466680765,
    0,
    0,
    -1,
    0
  ],
  "frame_index" : 55,
  "time" : 574397.30390804179,
  "cameraPoseARFrame" : [
    0.28433912992477417,
    0.8772081732749939,
    0.38685548305511475,
    -0.33566465973854065,
    -0.90031558275222778,
    0.10562419891357422,
    0.42222633957862854,
    0.071222834289073944,
    0.32951906323432922,
    -0.46834760904312134,
    0.81979727745056152,
    0.63585621118545532,
    0,
    0,
    0,
    0.99999988079071045
  ],
  "averageAngularVelocity" : 0.22321666777133942,
  "intrinsics" : [
    1460.8890380859375,
    0,
    930.06976318359375,
    0,
    1460.8890380859375,
    717.969970703125,
    0,
    0,
    1
  ]
}