{
  "cameraGrain" : 0,
  "projectionMatrix" : [
    1.520759105682373,
    0,
    0.034854531288146973,
    0,
    0,
    2.0276787281036377,
    -0.00020647048950195312,
    0,
    0,
    0,
    -0.9999997615814209,
    -0.00099999981466680765,
    0,
    0,
    -1,
    0
  ],
  "frame_index" : 168,
  "intrinsics" : [
    1459.9287109375,
    0,
    926.0396728515625,
    0,
    1459.9287109375,
    719.35137939453125,
    0,
    0,
    1
  ],
  "averageAngularVelocity" : 0.14219766855239868,
  "motionQuality" : 0.95701175928115845,
  "averageVelocity" : 0.15045887231826782,
  "exposureDuration" : 0.0099999997764825821,
  "cameraPoseARFrame" : [
    0.075640812516212463,
    0.965232253074646,
    -0.25021031498908997,
    0.12203269451856613,
    -0.9697306752204895,
    0.12963268160820007,
    0.2069237232208252,
    0.29920166730880737,
    0.2321648895740509,
    0.22698470950126648,
    0.94582104682922363,
    0.73497235774993896,
    0,
    0,
    0,
    0.99999988079071045
  ],
  "time" : 574406.85478416679
}