{
  "intrinsics" : [
    1460.8994140625,
    0,
    925.4849853515625,
    0,
    1460.8994140625,
    724.1832275390625,
    0,
    0,
    1
  ],
  "cameraGrain" : 0,
  "cameraPoseARFrame" : [
    0.18021321296691895,
    0.94415962696075439,
    0.27583661675453186,
    -0.099080801010131836,
    -0.95947808027267456,
    0.10697749257087708,
    0.26068621873855591,
    0.088531903922557831,
    0.21662113070487976,
    -0.31163841485977173,
    0.92517936229705811,
    0.61091107130050659,
    0,
    0,
    0,
    0.99999988079071045
  ],
  "projectionMatrix" : [
    1.5217702388763428,
    0,
    0.035432279109954834,
    0,
    0,
    2.029026985168457,
    0.0065044760704040527,
    0,
    0,
    0,
    -0.9999997615814209,
    -0.00099999981466680765,
    0,
    0,
    -1,
    0
  ],
  "averageAngularVelocity" : 0.21114906668663025,
  "exposureDuration" : 0.0099999997764825821,
  "averageVelocity" : 0.26770088076591492,
  "time" : 574402.51360983343,
  "frame_index" : 114,
  "motionQuality" : 0.92351400852203369
}