{
  "cameraPoseARFrame" : [
    0.12429509311914444,
    0.8856806755065918,
    0.44734805822372437,
    -0.27872315049171448,
    -0.96742480993270874,
    0.0079628722742199898,
    0.25303241610527039,
    0.14722053706645966,
    0.22054381668567657,
    -0.46422651410102844,
    0.8578193187713623,
    0.95315182209014893,
    0,
    0,
    0,
    0.9999997615814209
  ],
  "exposureDuration" : 0.0099999997764825821,
  "time" : 574393.89991845842,
  "averageVelocity" : 0,
  "cameraGrain" : 0,
  "projectionMatrix" : [
    1.5198402404785156,
    0,
    0.034927904605865479,
    0,
    0,
    2.0264537334442139,
    0.0055049657821655273,
    0,
    0,
    0,
    -0.9999997615814209,
    -0.00099999981466680765,
    0,
    0,
    -1,
    0
  ],
  "averageAngularVelocity" : 0.41862496733665466,
  "intrinsics" : [
    1459.046630859375,
    0,
    925.96923828125,
    0,
    1459.046630859375,
    723.46356201171875,
    0,
    0,
    1
  ],
  "frame_index" : 14,
  "motionQuality" : 0.88039284944534302
}