{
  "projectionMatrix" : [
    1.5232676267623901,
    0,
    0.033471763134002686,
    0,
    0,
    2.0310235023498535,
    0.0053420066833496094,
    0,
    0,
    0,
    -0.9999997615814209,
    -0.00099999981466680765,
    0,
    0,
    -1,
    0
  ],
  "frame_index" : 92,
  "averageAngularVelocity" : 0.34434869885444641,
  "time" : 574400.61262641684,
  "cameraGrain" : 0.03343549370765686,
  "cameraPoseARFrame" : [
    0.077474765479564667,
    0.97142815589904785,
    0.22433239221572876,
    -0.49199262261390686,
    -0.93836086988449097,
    -0.0049768788740038872,
    0.34562087059020996,
    -0.30653345584869385,
    0.33686229586601257,
    -0.23728179931640625,
    0.91116470098495483,
    0.61550086736679077,
    0,
    0,
    0,
    0.99999988079071045
  ],
  "intrinsics" : [
    1462.3369140625,
    0,
    927.36712646484375,
    0,
    1462.3369140625,
    723.34625244140625,
    0,
    0,
    1
  ],
  "averageVelocity" : 0.11296681314706802,
  "exposureDuration" : 0.0099999997764825821,
  "motionQuality" : 0.90161466598510742
}