{
  "projectionMatrix" : [
    1.5232299566268921,
    0,
    0.03273475170135498,
    0,
    0,
    2.0309731960296631,
    0.006877899169921875,
    0,
    0,
    0,
    -0.9999997615814209,
    -0.00099999981466680765,
    0,
    0,
    -1,
    0
  ],
  "frame_index" : 93,
  "averageAngularVelocity" : 0.15780358016490936,
  "time" : 574400.7124215418,
  "cameraGrain" : 0.03414437547326088,
  "cameraPoseARFrame" : [
    0.079275041818618774,
    0.96980607509613037,
    0.23063333332538605,
    -0.4842357337474823,
    -0.93489766120910645,
    -0.0079614249989390373,
    0.35482755303382874,
    -0.30661040544509888,
    0.34595009684562683,
    -0.24374768137931824,
    0.90603840351104736,
    0.61608153581619263,
    0,
    0,
    0,
    0.99999988079071045
  ],
  "intrinsics" : [
    1462.30078125,
    0,
    928.07464599609375,
    0,
    1462.30078125,
    724.45208740234375,
    0,
    0,
    1
  ],
  "averageVelocity" : 0.11005872488021851,
  "exposureDuration" : 0.0099999997764825821,
  "motionQuality" : 0.95491325855255127
}