{
  "projectionMatrix" : [
    1.5217375755310059,
    0,
    0.030932188034057617,
    0,
    0,
    2.0289833545684814,
    -0.0010614395141601562,
    0,
    0,
    0,
    -0.9999997615814209,
    -0.00099999981466680765,
    0,
    0,
    -1,
    0
  ],
  "cameraPoseARFrame" : [
    0.40499502420425415,
    0.8566473126411438,
    0.31958454847335815,
    -0.34843134880065918,
    -0.85346114635467529,
    0.22880363464355469,
    0.46824401617050171,
    0.22818617522716522,
    0.32799786329269409,
    -0.46238970756530762,
    0.82377970218658447,
    0.58133226633071899,
    0,
    0,
    0,
    0.9999997615814209
  ],
  "intrinsics" : [
    1460.8680419921875,
    0,
    929.80511474609375,
    0,
    1460.8680419921875,
    718.73577880859375,
    0,
    0,
    1
  ],
  "averageVelocity" : 0.07248871773481369,
  "averageAngularVelocity" : 0.077395237982273102,
  "time" : 574396.1033400835,
  "motionQuality" : 0.97788709402084351,
  "frame_index" : 41,
  "cameraGrain" : 0,
  "exposureDuration" : 0.0099999997764825821
}