{
  "intrinsics" : [
    1459.430419921875,
    0,
    926.25860595703125,
    0,
    1459.430419921875,
    721.5242919921875,
    0,
    0,
    1
  ],
  "time" : 574407.89037962514,
  "averageAngularVelocity" : 0.12558867037296295,
  "cameraGrain" : 0,
  "cameraPoseARFrame" : [
    -0.0020335814915597439,
    0.95272964239120483,
    -0.30381271243095398,
    0.17676845192909241,
    -0.94820266962051392,
    0.094672158360481262,
    0.30323025584220886,
    0.15767437219619751,
    0.31765908002853394,
    0.2886926531791687,
    0.90318834781646729,
    0.76385027170181274,
    0,
    0,
    0,
    0.99999988079071045
  ],
  "averageVelocity" : 0.1360633373260498,
  "frame_index" : 180,
  "projectionMatrix" : [
    1.5202400684356689,
    0,
    0.034626424312591553,
    0,
    0,
    2.0269865989685059,
    0.0028114914894104004,
    0,
    0,
    0,
    -0.9999997615814209,
    -0.00099999981466680765,
    0,
    0,
    -1,
    0
  ],
  "motionQuality" : 0.96112477779388428,
  "exposureDuration" : 0.0099999997764825821
}