{
  "averageAngularVelocity" : 0.12139096856117249,
  "averageVelocity" : 0.14982801675796509,
  "time" : 574407.59034400014,
  "exposureDuration" : 0.0099999997764825821,
  "motionQuality" : 0.95719200372695923,
  "projectionMatrix" : [
    1.5202509164810181,
    0,
    0.034763634204864502,
    0,
    0,
    2.0270013809204102,
    0.0020740032196044922,
    0,
    0,
    0,
    -0.9999997615814209,
    -0.00099999981466680765,
    0,
    0,
    -1,
    0
  ],
  "intrinsics" : [
    1459.44091796875,
    0,
    926.12689208984375,
    0,
    1459.44091796875,
    720.9932861328125,
    0,
    0,
    1
  ],
  "cameraPoseARFrame" : [
    0.014104254543781281,
    0.95390260219573975,
    -0.29978480935096741,
    0.16861885786056519,
    -0.95611989498138428,
    0.1006113663315773,
    0.27515754103660583,
    0.19672726094722748,
    0.29263532161712646,
    0.28274938464164734,
    0.91346442699432373,
    0.75986272096633911,
    0,
    0,
    0,
    0.99999982118606567
  ],
  "frame_index" : 177,
  "cameraGrain" : 0
}