{
  "averageVelocity" : 0.24704053997993469,
  "exposureDuration" : 0.0099999997764825821,
  "cameraGrain" : 0,
  "averageAngularVelocity" : 0.27154797315597534,
  "projectionMatrix" : [
    1.5207321643829346,
    0,
    0.032857954502105713,
    0,
    0,
    2.0276427268981934,
    0.0020107030868530273,
    0,
    0,
    0,
    -0.9999997615814209,
    -0.00099999981466680765,
    0,
    0,
    -1,
    0
  ],
  "motionQuality" : 0.92241483926773071,
  "frame_index" : 32,
  "cameraPoseARFrame" : [
    0.3039151132106781,
    0.8892970085144043,
    0.34173989295959473,
    -0.30778411030769348,
    -0.90555393695831299,
    0.15820769965648651,
    0.39362660050392151,
    0.21731214225292206,
    0.29598510265350342,
    -0.42909315228462219,
    0.85338842868804932,
    0.6625024676322937,
    0,
    0,
    0,
    0.9999997615814209
  ],
  "intrinsics" : [
    1459.90283203125,
    0,
    927.95635986328125,
    0,
    1459.90283203125,
    720.94769287109375,
    0,
    0,
    1
  ],
  "time" : 574395.36513800011
}