{
  "projectionMatrix" : [
    1.5199049711227417,
    0,
    0.034710586071014404,
    0,
    0,
    2.0265400409698486,
    0.0053538084030151367,
    0,
    0,
    0,
    -0.9999997615814209,
    -0.00099999981466680765,
    0,
    0,
    -1,
    0
  ],
  "averageAngularVelocity" : 0.096987001597881317,
  "motionQuality" : 0.97228944301605225,
  "exposureDuration" : 0.0099999997764825821,
  "time" : 574393.49525112507,
  "cameraPoseARFrame" : [
    0.13047875463962555,
    0.91562932729721069,
    0.38026076555252075,
    -0.28022608160972595,
    -0.97067564725875854,
    0.039870847016572952,
    0.23706269264221191,
    0.15199786424636841,
    0.20190021395683289,
    -0.40004175901412964,
    0.8939814567565918,
    0.95636051893234253,
    0,
    0,
    0,
    0.99999988079071045
  ],
  "intrinsics" : [
    1459.1087646484375,
    0,
    926.1778564453125,
    0,
    1459.1087646484375,
    723.354736328125,
    0,
    0,
    1
  ],
  "averageVelocity" : 0.017308492213487625,
  "cameraGrain" : 0,
  "frame_index" : 8
}