{
  "averageVelocity" : 0.18472482264041901,
  "projectionMatrix" : [
    1.5208511352539062,
    0,
    0.03456425666809082,
    0,
    0,
    2.027801513671875,
    -0.0032420158386230469,
    0,
    0,
    0,
    -0.9999997615814209,
    -0.00099999981466680765,
    0,
    0,
    -1,
    0
  ],
  "cameraGrain" : 0,
  "averageAngularVelocity" : 0.20988549292087555,
  "motionQuality" : 0.9400327205657959,
  "exposureDuration" : 0.0099999997764825821,
  "frame_index" : 165,
  "time" : 574406.62208216684,
  "cameraPoseARFrame" : [
    0.10150470584630966,
    0.97093051671981812,
    -0.21677342057228088,
    0.098152540624141693,
    -0.96933954954147339,
    0.14554128050804138,
    0.19798533618450165,
    0.32111436128616333,
    0.22377951443195343,
    0.19003058969974518,
    0.95593464374542236,
    0.72144454717636108,
    0,
    0,
    0,
    0.99999988079071045
  ],
  "intrinsics" : [
    1460.01708984375,
    0,
    926.31829833984375,
    0,
    1460.01708984375,
    717.165771484375,
    0,
    0,
    1
  ]
}