{
  "intrinsics" : [
    1459.0516357421875,
    0,
    925.92401123046875,
    0,
    1459.0516357421875,
    723.9788818359375,
    0,
    0,
    1
  ],
  "cameraPoseARFrame" : [
    0.17015203833580017,
    0.8874327540397644,
    0.42838197946548462,
    -0.28057017922401428,
    -0.96212279796600342,
    0.055646315217018127,
    0.26687580347061157,
    0.14178197085857391,
    0.21299648284912109,
    -0.45756572484970093,
    0.86328786611557007,
    0.93480837345123291,
    0,
    0,
    0,
    0.9999997615814209
  ],
  "motionQuality" : 0.92845290899276733,
  "frame_index" : 19,
  "averageAngularVelocity" : 0.25041481852531433,
  "exposureDuration" : 0.0099999997764825821,
  "averageVelocity" : 0.1075945645570755,
  "projectionMatrix" : [
    1.5198454856872559,
    0,
    0.034974992275238037,
    0,
    0,
    2.0264606475830078,
    0.006220698356628418,
    0,
    0,
    0,
    -0.9999997615814209,
    -0.00099999981466680765,
    0,
    0,
    -1,
    0
  ],
  "cameraGrain" : 0,
  "time" : 574394.33085266675
}