{
  "exposureDuration" : 0.0099999997764825821,
  "projectionMatrix" : [
    1.5217593908309937,
    0,
    0.032555341720581055,
    0,
    0,
    2.0290124416351318,
    0.0044742226600646973,
    0,
    0,
    0,
    -0.9999997615814209,
    -0.00099999981466680765,
    0,
    0,
    -1,
    0
  ],
  "averageVelocity" : 0.18157359957695007,
  "intrinsics" : [
    1460.8890380859375,
    0,
    928.24688720703125,
    0,
    1460.8890380859375,
    722.721435546875,
    0,
    0,
    1
  ],
  "frame_index" : 60,
  "motionQuality" : 0.93100714683532715,
  "cameraGrain" : 0.0090598510578274727,
  "averageAngularVelocity" : 0.24147506058216095,
  "cameraPoseARFrame" : [
    0.19301533699035645,
    0.92364376783370972,
    0.33110016584396362,
    -0.33952116966247559,
    -0.87614834308624268,
    0.010331642813980579,
    0.4819304347038269,
    -0.019311312586069107,
    0.4417111873626709,
    -0.38311302661895752,
    0.81124323606491089,
    0.63518577814102173,
    0,
    0,
    0,
    0.99999988079071045
  ],
  "time" : 574397.77082904184
}