{
  "cameraGrain" : 0,
  "averageAngularVelocity" : 0.15744635462760925,
  "projectionMatrix" : [
    1.5202564001083374,
    0,
    0.034615457057952881,
    0,
    0,
    2.0270085334777832,
    0.0019362568855285645,
    0,
    0,
    0,
    -0.9999997615814209,
    -0.00099999981466680765,
    0,
    0,
    -1,
    0
  ],
  "frame_index" : 171,
  "intrinsics" : [
    1459.4461669921875,
    0,
    926.2691650390625,
    0,
    1459.4461669921875,
    720.89410400390625,
    0,
    0,
    1
  ],
  "cameraPoseARFrame" : [
    0.070141494274139404,
    0.95766729116439819,
    -0.27920159697532654,
    0.13546112179756165,
    -0.96777099370956421,
    0.13319200277328491,
    0.2137262374162674,
    0.26592856645584106,
    0.24186605215072632,
    0.25521209836006165,
    0.93614500761032104,
    0.74637418985366821,
    0,
    0,
    0,
    0.99999988079071045
  ],
  "time" : 574407.0873372918,
  "averageVelocity" : 0.16810843348503113,
  "exposureDuration" : 0.0099999997764825821,
  "motionQuality" : 0.95196902751922607
}