{
  "cameraGrain" : 0,
  "averageVelocity" : 0.16289381682872772,
  "exposureDuration" : 0.0099999997764825821,
  "motionQuality" : 0.95345890522003174,
  "projectionMatrix" : [
    1.5202888250350952,
    0,
    0.034774184226989746,
    0,
    0,
    2.0270516872406006,
    0.0013924241065979004,
    0,
    0,
    0,
    -0.9999997615814209,
    -0.00099999981466680765,
    0,
    0,
    -1,
    0
  ],
  "cameraPoseARFrame" : [
    0.032813373953104019,
    0.95465922355651855,
    -0.29588714241981506,
    0.15781882405281067,
    -0.96359914541244507,
    0.10880997776985168,
    0.24420621991157532,
    0.24135392904281616,
    0.26532921195030212,
    0.27710339426994324,
    0.92347931861877441,
    0.75199323892593384,
    0,
    0,
    0,
    0.99999988079071045
  ],
  "frame_index" : 174,
  "time" : 574407.28978525009,
  "averageAngularVelocity" : 0.13599617779254913,
  "intrinsics" : [
    1459.477294921875,
    0,
    926.11676025390625,
    0,
    1459.477294921875,
    720.5025634765625,
    0,
    0,
    1
  ]
}