{
  "exposureDuration" : 0.0099999997764825821,
  "cameraPoseARFrame" : [
    0.22176565229892731,
    0.89362144470214844,
    0.39020591974258423,
    -0.28540697693824768,
    -0.94727885723114014,
    0.1025288999080658,
    0.30356255173683167,
    0.18402653932571411,
    0.23126259446144104,
    -0.43695366382598877,
    0.86924624443054199,
    0.81142568588256836,
    0,
    0,
    0,
    0.99999988079071045
  ],
  "frame_index" : 25,
  "cameraGrain" : 0,
  "motionQuality" : 0.91005659103393555,
  "projectionMatrix" : [
    1.5201644897460938,
    0,
    0.035826802253723145,
    0,
    0,
    2.026885986328125,
    0.003529667854309082,
    0,
    0,
    0,
    -0.9999997615814209,
    -0.00099999981466680765,
    0,
    0,
    -1,
    0
  ],
  "time" : 574394.79791545845,
  "averageVelocity" : 0.3148019015789032,
  "intrinsics" : [
    1459.35791015625,
    0,
    925.10626220703125,
    0,
    1459.35791015625,
    722.0413818359375,
    0,
    0,
    1
  ],
  "averageAngularVelocity" : 0.18456281721591949
}