{
  "projectionMatrix" : [
    1.519758939743042,
    0,
    0.03476029634475708,
    0,
    0,
    2.0263452529907227,
    0.0056002140045166016,
    0,
    0,
    0,
    -0.9999997615814209,
    -0.00099999981466680765,
    0,
    0,
    -1,
    0
  ],
  "averageAngularVelocity" : 0.059398453682661057,
  "frame_index" : 4,
  "averageVelocity" : 0,
  "intrinsics" : [
    1458.9686279296875,
    0,
    926.130126953125,
    0,
    1458.9686279296875,
    723.53216552734375,
    0,
    0,
    1
  ],
  "exposureDuration" : 0.0099999997764825821,
  "time" : 574393.19665237516,
  "cameraPoseARFrame" : [
    0.14828836917877197,
    0.9107513427734375,
    0.3854123055934906,
    -0.28673672676086426,
    -0.9642864465713501,
    0.046675011515617371,
    0.26071596145629883,
    0.15350097417831421,
    0.21945829689502716,
    -0.41030916571617126,
    0.88514655828475952,
    0.95600253343582153,
    0,
    0,
    0,
    0.99999988079071045
  ],
  "cameraGrain" : 0,
  "motionQuality" : 0.98302900791168213
}