{
  "cameraPoseARFrame" : [
    0.50125658512115479,
    0.80136251449584961,
    0.32643529772758484,
    -0.2033400684595108,
    -0.86384725570678711,
    0.44159996509552002,
    0.24239890277385712,
    0.47808367013931274,
    0.050095595419406891,
    -0.40349435806274414,
    0.91360974311828613,
    0.61515772342681885,
    0,
    0,
    0,
    0.99999988079071045
  ],
  "averageAngularVelocity" : 0.15688011050224304,
  "frame_index" : 141,
  "projectionMatrix" : [
    1.5217863321304321,
    0,
    0.032103121280670166,
    0,
    0,
    2.0290484428405762,
    -0.0094664096832275391,
    0,
    0,
    0,
    -0.9999997615814209,
    -0.00099999981466680765,
    0,
    0,
    -1,
    0
  ],
  "motionQuality" : 0.95168662071228027,
  "time" : 574404.75046195847,
  "exposureDuration" : 0.0099999997764825821,
  "cameraGrain" : 0,
  "averageVelocity" : 0.16909673810005188,
  "intrinsics" : [
    1460.9149169921875,
    0,
    928.6810302734375,
    0,
    1460.9149169921875,
    712.68414306640625,
    0,
    0,
    1
  ]
}