{
  "cameraPoseARFrame" : [
    0.23768214881420135,
    0.89956223964691162,
    0.36646297574043274,
    -0.3262932300567627,
    -0.88845860958099365,
    0.04884076863527298,
    0.45635026693344116,
    0.014232989400625229,
    0.39261710643768311,
    -0.43405362963676453,
    0.81083238124847412,
    0.64095354080200195,
    0,
    0,
    0,
    0.99999988079071045
  ],
  "time" : 574397.57042545849,
  "frame_index" : 58,
  "projectionMatrix" : [
    1.5216943025588989,
    0,
    0.031757473945617676,
    0,
    0,
    2.0289256572723389,
    0.0010287761688232422,
    0,
    0,
    0,
    -0.9999997615814209,
    -0.00099999981466680765,
    0,
    0,
    -1,
    0
  ],
  "cameraGrain" : 0.00460826326161623,
  "averageVelocity" : 0.20541352033615112,
  "exposureDuration" : 0.0099999997764825821,
  "intrinsics" : [
    1460.8265380859375,
    0,
    929.0128173828125,
    0,
    1460.8265380859375,
    720.24072265625,
    0,
    0,
    1
  ],
  "motionQuality" : 0.92771077156066895,
  "averageAngularVelocity" : 0.25301232933998108
}