{
  "motionQuality" : 0.92830264568328857,
  "projectionMatrix" : [
    1.5217214822769165,
    0,
    0.033612489700317383,
    0,
    0,
    2.0289621353149414,
    -0.0043022632598876953,
    0,
    0,
    0,
    -0.9999997615814209,
    -0.00099999981466680765,
    0,
    0,
    -1,
    0
  ],
  "averageVelocity" : 0.22248513996601105,
  "exposureDuration" : 0.0099999997764825821,
  "time" : 574403.58254762518,
  "intrinsics" : [
    1460.8526611328125,
    0,
    927.23199462890625,
    0,
    1460.8526611328125,
    716.40240478515625,
    0,
    0,
    1
  ],
  "averageAngularVelocity" : 0.25094074010848999,
  "cameraGrain" : 0,
  "cameraPoseARFrame" : [
    0.40631124377250671,
    0.79794162511825562,
    0.44519713521003723,
    -0.21767830848693848,
    -0.90990585088729858,
    0.3087780773639679,
    0.27699670195579529,
    0.27600634098052979,
    0.083560042083263397,
    -0.51763457059860229,
    0.85151165723800659,
    0.60850715637207031,
    0,
    0,
    0,
    0.99999994039535522
  ],
  "frame_index" : 127
}