{
  "intrinsics" : [
    1462.4200439453125,
    0,
    927.6942138671875,
    0,
    1462.4200439453125,
    723.37744140625,
    0,
    0,
    1
  ],
  "projectionMatrix" : [
    1.523354172706604,
    0,
    0.033131003379821777,
    0,
    0,
    2.0311388969421387,
    0.0053853392601013184,
    0,
    0,
    0,
    -0.9999997615814209,
    -0.00099999981466680765,
    0,
    0,
    -1,
    0
  ],
  "averageVelocity" : 0.33844342827796936,
  "cameraGrain" : 0,
  "frame_index" : 102,
  "averageAngularVelocity" : 0.29536855220794678,
  "cameraPoseARFrame" : [
    0.093398444354534149,
    0.97734153270721436,
    0.18994814157485962,
    -0.30236142873764038,
    -0.95518350601196289,
    0.034133888781070709,
    0.29403918981552124,
    -0.0952305868268013,
    0.28089302778244019,
    -0.20889823138713837,
    0.93672865629196167,
    0.60917145013809204,
    0,
    0,
    0,
    0.99999988079071045
  ],
  "motionQuality" : 0.9033018946647644,
  "time" : 574401.51386566681,
  "exposureDuration" : 0.0099999997764825821
}