{
  "motionQuality" : 0.9339301586151123,
  "averageAngularVelocity" : 0.23124445974826813,
  "frame_index" : 35,
  "averageVelocity" : 0.18415671586990356,
  "cameraPoseARFrame" : [
    0.34859853982925415,
    0.88041949272155762,
    0.32146653532981873,
    -0.31908166408538818,
    -0.87529796361923218,
    0.18315461277961731,
    0.4475574791431427,
    0.21997779607772827,
    0.33516019582748413,
    -0.43739703297615051,
    0.83447682857513428,
    0.61605715751647949,
    0,
    0,
    0,
    0.99999988079071045
  ],
  "time" : 574395.60295158345,
  "cameraGrain" : 0,
  "exposureDuration" : 0.0099999997764825821,
  "projectionMatrix" : [
    1.5206725597381592,
    0,
    0.032317578792572021,
    0,
    0,
    2.0275635719299316,
    0.0011102557182312012,
    0,
    0,
    0,
    -0.9999997615814209,
    -0.00099999981466680765,
    0,
    0,
    -1,
    0
  ],
  "intrinsics" : [
    1459.845703125,
    0,
    928.47509765625,
    0,
    1459.845703125,
    720.29937744140625,
    0,
    0,
    1
  ]
}