{
  "cameraGrain" : 0,
  "time" : 574398.5074980834,
  "frame_index" : 68,
  "motionQuality" : 0.92701125144958496,
  "averageVelocity" : 0.25546064972877502,
  "exposureDuration" : 0.0099999997764825821,
  "cameraPoseARFrame" : [
    0.16963933408260345,
    0.94148576259613037,
    0.29125133156776428,
    -0.50754475593566895,
    -0.89135396480560303,
    0.02051820233464241,
    0.45284309983253479,
    -0.078135974705219269,
    0.42036929726600647,
    -0.33642810583114624,
    0.84267771244049072,
    0.61476457118988037,
    0,
    0,
    0,
    0.99999988079071045
  ],
  "projectionMatrix" : [
    1.5216999053955078,
    0,
    0.030947625637054443,
    0,
    0,
    2.0289332866668701,
    0.0066300034523010254,
    0,
    0,
    0,
    -0.9999997615814209,
    -0.00099999981466680765,
    0,
    0,
    -1,
    0
  ],
  "intrinsics" : [
    1460.8319091796875,
    0,
    929.790283203125,
    0,
    1460.8319091796875,
    724.27362060546875,
    0,
    0,
    1
  ],
  "averageAngularVelocity" : 0.14081157743930817
}