{
  "projectionMatrix" : [
    1.521899938583374,
    0,
    0.031969666481018066,
    0,
    0,
    2.0291998386383057,
    -0.0089883804321289062,
    0,
    0,
    0,
    -0.9999997615814209,
    -0.00099999981466680765,
    0,
    0,
    -1,
    0
  ],
  "exposureDuration" : 0.0099999997764825821,
  "intrinsics" : [
    1461.02392578125,
    0,
    928.80914306640625,
    0,
    1461.02392578125,
    713.02838134765625,
    0,
    0,
    1
  ],
  "motionQuality" : 0.92583328485488892,
  "averageAngularVelocity" : 0.25958344340324402,
  "time" : 574404.11789366684,
  "averageVelocity" : 0.14307379722595215,
  "frame_index" : 134,
  "cameraPoseARFrame" : [
    0.4224109947681427,
    0.82000827789306641,
    0.38620647788047791,
    -0.23654964566230774,
    -0.901805579662323,
    0.33734267950057983,
    0.27008575201034546,
    0.36316686868667603,
    0.091188564896583557,
    -0.46237048506736755,
    0.88198530673980713,
    0.58453017473220825,
    0,
    0,
    0,
    0.99999988079071045
  ],
  "cameraGrain" : 0
}