{
  "cameraGrain" : 0.0083518438041210175,
  "time" : 574398.80626033351,
  "frame_index" : 71,
  "motionQuality" : 0.93542242050170898,
  "averageVelocity" : 0.2260214239358902,
  "exposureDuration" : 0.0099999997764825821,
  "projectionMatrix" : [
    1.522213339805603,
    0,
    0.030279219150543213,
    0,
    0,
    2.0296177864074707,
    0.004853367805480957,
    0,
    0,
    0,
    -0.9999997615814209,
    -0.00099999981466680765,
    0,
    0,
    -1,
    0
  ],
  "cameraPoseARFrame" : [
    0.14747318625450134,
    0.95948421955108643,
    0.24008689820766449,
    -0.54235738515853882,
    -0.87151014804840088,
    0.011279418133199215,
    0.49024736881256104,
    -0.14367657899856567,
    0.4676765501499176,
    -0.28153663873672485,
    0.83786386251449585,
    0.60120224952697754,
    0,
    0,
    0,
    0.99999994039535522
  ],
  "intrinsics" : [
    1461.3248291015625,
    0,
    930.43194580078125,
    0,
    1461.3248291015625,
    722.99444580078125,
    0,
    0,
    1
  ],
  "averageAngularVelocity" : 0.18917901813983917
}