{
  "motionQuality" : 0.88436251878738403,
  "averageAngularVelocity" : 0.26836222410202026,
  "time" : 574401.31249554176,
  "intrinsics" : [
    1462.0775146484375,
    0,
    926.2896728515625,
    0,
    1462.0775146484375,
    722.57501220703125,
    0,
    0,
    1
  ],
  "cameraPoseARFrame" : [
    0.10745793581008911,
    0.97815966606140137,
    0.17792275547981262,
    -0.35580015182495117,
    -0.94517964124679565,
    0.045003600418567657,
    0.32343447208404541,
    -0.14023631811141968,
    0.30836337804794312,
    -0.20292465388774872,
    0.92937260866165161,
    0.59911507368087769,
    0,
    0,
    0,
    0.99999994039535522
  ],
  "averageVelocity" : 0.40473109483718872,
  "projectionMatrix" : [
    1.5229973793029785,
    0,
    0.034594118595123291,
    0,
    0,
    2.0306632518768311,
    0.0042708516120910645,
    0,
    0,
    0,
    -0.9999997615814209,
    -0.00099999981466680765,
    0,
    0,
    -1,
    0
  ],
  "cameraGrain" : 0,
  "frame_index" : 100,
  "exposureDuration" : 0.0099999997764825821
}