{
  "time" : 574399.50926095841,
  "frame_index" : 80,
  "cameraPoseARFrame" : [
    0.12269608676433563,
    0.97598278522491455,
    0.18000903725624084,
    -0.52837604284286499,
    -0.90579128265380859,
    0.036003511399030685,
    0.42219117283821106,
    -0.23566366732120514,
    0.40557032823562622,
    -0.2148519903421402,
    0.88845425844192505,
    0.61349242925643921,
    0,
    0,
    0,
    0.9999997615814209
  ],
  "motionQuality" : 0.91311752796173096,
  "intrinsics" : [
    1461.859375,
    0,
    929.16400146484375,
    0,
    1461.859375,
    723.4365234375,
    0,
    0,
    1
  ],
  "averageAngularVelocity" : 0.30408856272697449,
  "cameraGrain" : 0.02847769670188427,
  "averageVelocity" : 0.12810833752155304,
  "exposureDuration" : 0.0099999997764825821,
  "projectionMatrix" : [
    1.5227701663970947,
    0,
    0.031599998474121094,
    0,
    0,
    2.030360221862793,
    0.0054674148559570312,
    0,
    0,
    0,
    -0.9999997615814209,
    -0.00099999981466680765,
    0,
    0,
    -1,
    0
  ]
}