{
  "cameraPoseARFrame" : [
    0.01982264406979084,
    0.9845130443572998,
    -0.17418715357780457,
    0.057878643274307251,
    -0.80590271949768066,
    0.11884370446205139,
    0.57999706268310547,
    -0.088725864887237549,
    0.59171575307846069,
    0.1288808137178421,
    0.79577773809432983,
    0.69007033109664917,
    0,
    0,
    0,
    0.99999994039535522
  ],
  "averageAngularVelocity" : 0.38429608941078186,
  "averageVelocity" : 0.24754667282104492,
  "frame_index" : 200,
  "motionQuality" : 0.89020109176635742,
  "intrinsics" : [
    1459.5343017578125,
    0,
    929.9139404296875,
    0,
    1459.5343017578125,
    722.17523193359375,
    0,
    0,
    1
  ],
  "projectionMatrix" : [
    1.5203481912612915,
    0,
    0.030818819999694824,
    0,
    0,
    2.0271310806274414,
    0.0037155747413635254,
    0,
    0,
    0,
    -0.9999997615814209,
    -0.00099999981466680765,
    0,
    0,
    -1,
    0
  ],
  "cameraGrain" : 0,
  "time" : 574409.66023116675,
  "exposureDuration" : 0.0099999997764825821
}