{
  "intrinsics" : [
    1460.8890380859375,
    0,
    930.7596435546875,
    0,
    1460.8890380859375,
    717.27508544921875,
    0,
    0,
    1
  ],
  "cameraPoseARFrame" : [
    0.42992636561393738,
    0.8503040075302124,
    0.30355623364448547,
    -0.35897812247276306,
    -0.83919006586074829,
    0.25231921672821045,
    0.48176208138465881,
    0.22465914487838745,
    0.33305114507675171,
    -0.46186378598213196,
    0.82204544544219971,
    0.57004952430725098,
    0,
    0,
    0,
    0.99999988079071045
  ],
  "averageAngularVelocity" : 0,
  "time" : 574396.3999950001,
  "projectionMatrix" : [
    1.5217593908309937,
    0,
    0.029937863349914551,
    0,
    0,
    2.0290124416351318,
    -0.0030901432037353516,
    0,
    0,
    0,
    -0.9999997615814209,
    -0.00099999981466680765,
    0,
    0,
    -1,
    0
  ],
  "frame_index" : 44,
  "averageVelocity" : 0,
  "cameraGrain" : 0,
  "exposureDuration" : 0.0099999997764825821,
  "motionQuality" : 0.97799688577651978
}