{
  "projectionMatrix" : [
    1.5203536748886108,
    0,
    0.034360826015472412,
    0,
    0,
    2.0271382331848145,
    0.0026146769523620605,
    0,
    0,
    0,
    -0.9999997615814209,
    -0.00099999981466680765,
    0,
    0,
    -1,
    0
  ],
  "time" : 574408.0248986251,
  "intrinsics" : [
    1459.53955078125,
    0,
    926.51361083984375,
    0,
    1459.53955078125,
    721.382568359375,
    0,
    0,
    1
  ],
  "cameraPoseARFrame" : [
    -0.012428447604179382,
    0.95404052734375,
    -0.29941973090171814,
    0.17997956275939941,
    -0.94096750020980835,
    0.090140819549560547,
    0.32627362012863159,
    0.13919959962368011,
    0.3382682204246521,
    0.2857992947101593,
    0.89660096168518066,
    0.76208299398422241,
    0,
    0,
    0,
    0.99999982118606567
  ],
  "averageAngularVelocity" : 0.18904870748519897,
  "exposureDuration" : 0.0099999997764825821,
  "cameraGrain" : 0,
  "frame_index" : 182,
  "motionQuality" : 0.94598609209060669,
  "averageVelocity" : 0.14217327535152435
}