{
  "motionQuality" : 0.976737380027771,
  "intrinsics" : [
    1459.046630859375,
    0,
    925.95989990234375,
    0,
    1459.046630859375,
    723.8118896484375,
    0,
    0,
    1
  ],
  "averageAngularVelocity" : 0.08141915500164032,
  "frame_index" : 1,
  "projectionMatrix" : [
    1.5198402404785156,
    0,
    0.034937620162963867,
    0,
    0,
    2.0264537334442139,
    0.0059887170791625977,
    0,
    0,
    0,
    -0.9999997615814209,
    -0.00099999981466680765,
    0,
    0,
    -1,
    0
  ],
  "cameraGrain" : 0,
  "time" : 574392.89357695845,
  "cameraPoseARFrame" : [
    0.13409066200256348,
    0.9128376841545105,
    0.38567742705345154,
    -0.28986406326293945,
    -0.96651554107666016,
    0.0345449298620224,
    0.25427162647247314,
    0.15541559457778931,
    0.21878556907176971,
    -0.40685871243476868,
    0.88690412044525146,
    0.95765608549118042,
    0,
    0,
    0,
    0.99999988079071045
  ],
  "averageVelocity" : 0.017794916406273842,
  "exposureDuration" : 0.0099999997764825821
}