{
  "motionQuality" : 0.98691254854202271,
  "cameraGrain" : 0,
  "exposureDuration" : 0.0099999997764825821,
  "cameraPoseARFrame" : [
    0.1428561806678772,
    0.91232526302337646,
    0.38373777270317078,
    -0.287965327501297,
    -0.9658806324005127,
    0.043883427977561951,
    0.25524213910102844,
    0.15432296693325043,
    0.21602411568164825,
    -0.40710794925689697,
    0.88746649026870728,
    0.95691144466400146,
    0,
    0,
    0,
    0.99999982118606567
  ],
  "projectionMatrix" : [
    1.5198454856872559,
    0,
    0.034675836563110352,
    0,
    0,
    2.0264606475830078,
    0.0054949522018432617,
    0,
    0,
    0,
    -0.9999997615814209,
    -0.00099999981466680765,
    0,
    0,
    -1,
    0
  ],
  "averageAngularVelocity" : 0.045806165784597397,
  "intrinsics" : [
    1459.0516357421875,
    0,
    926.211181640625,
    0,
    1459.0516357421875,
    723.45635986328125,
    0,
    0,
    1
  ],
  "time" : 574393.09612770844,
  "frame_index" : 3,
  "averageVelocity" : 0
}