{
  "cameraGrain" : 0,
  "cameraPoseARFrame" : [
    0.39352551102638245,
    0.86194169521331787,
    0.31967827677726746,
    -0.34130644798278809,
    -0.85797351598739624,
    0.21945524215698242,
    0.4644571840763092,
    0.2266809344291687,
    0.33017992973327637,
    -0.45705142617225647,
    0.82588452100753784,
    0.58743059635162354,
    0,
    0,
    0,
    0.99999988079071045
  ],
  "averageVelocity" : 0.081562064588069916,
  "exposureDuration" : 0.0099999997764825821,
  "time" : 574395.96611616679,
  "motionQuality" : 0.97669655084609985,
  "intrinsics" : [
    1460.4530029296875,
    0,
    929.62689208984375,
    0,
    1460.4530029296875,
    719.3260498046875,
    0,
    0,
    1
  ],
  "averageAngularVelocity" : 0.034650817513465881,
  "frame_index" : 39,
  "projectionMatrix" : [
    1.5213052034378052,
    0,
    0.031117796897888184,
    0,
    0,
    2.0284068584442139,
    -0.00024163722991943359,
    0,
    0,
    0,
    -0.9999997615814209,
    -0.00099999981466680765,
    0,
    0,
    -1,
    0
  ]
}