{
  "averageAngularVelocity" : 0.34190970659255981,
  "frame_index" : 156,
  "time" : 574405.82041066675,
  "exposureDuration" : 0.0099999997764825821,
  "cameraGrain" : 0,
  "averageVelocity" : 0.25190705060958862,
  "cameraPoseARFrame" : [
    0.27702564001083374,
    0.96072882413864136,
    -0.016024067997932434,
    -0.030236747115850449,
    -0.9457089900970459,
    0.27556896209716797,
    0.17232434451580048,
    0.39629918336868286,
    0.16997271776199341,
    -0.032584138214588165,
    0.98490971326828003,
    0.6759333610534668,
    0,
    0,
    0,
    0.9999997615814209
  ],
  "intrinsics" : [
    1460.484130859375,
    0,
    928.0155029296875,
    0,
    1460.484130859375,
    713.24700927734375,
    0,
    0,
    1
  ],
  "projectionMatrix" : [
    1.521337628364563,
    0,
    0.032796323299407959,
    0,
    0,
    2.0284502506256104,
    -0.0086847543716430664,
    0,
    0,
    0,
    -0.9999997615814209,
    -0.00099999981466680765,
    0,
    0,
    -1,
    0
  ],
  "motionQuality" : 0.90231150388717651
}