{
  "averageAngularVelocity" : 0,
  "cameraGrain" : 0,
  "exposureDuration" : 0.0099999997764825821,
  "projectionMatrix" : [
    1.5216890573501587,
    0,
    0.03171992301940918,
    0,
    0,
    2.0289187431335449,
    0.007528841495513916,
    0,
    0,
    0,
    -0.9999997615814209,
    -0.00099999981466680765,
    0,
    0,
    -1,
    0
  ],
  "time" : 574398.40886929177,
  "frame_index" : 67,
  "motionQuality" : 0.91840833425521851,
  "cameraPoseARFrame" : [
    0.1769455224275589,
    0.93777650594711304,
    0.29877361655235291,
    -0.48849281668663025,
    -0.88595807552337646,
    0.019544849172234535,
    0.46335291862487793,
    -0.061497930437326431,
    0.42868196964263916,
    -0.34668928384780884,
    0.83428913354873657,
    0.61538010835647583,
    0,
    0,
    0,
    0.99999988079071045
  ],
  "averageVelocity" : 0.28557085990905762,
  "intrinsics" : [
    1460.821533203125,
    0,
    929.04888916015625,
    0,
    1460.821533203125,
    724.9207763671875,
    0,
    0,
    1
  ]
}