{
  "cameraPoseARFrame" : [
    0.1266234964132309,
    0.96189785003662109,
    0.24232038855552673,
    -0.1559145450592041,
    -0.95802372694015503,
    0.055244848132133484,
    0.28131526708602905,
    -0.018229011446237564,
    0.25720959901809692,
    -0.26776990294456482,
    0.92851632833480835,
    0.61486619710922241,
    0,
    0,
    0,
    0.99999988079071045
  ],
  "averageAngularVelocity" : 0.21963693201541901,
  "motionQuality" : 0.90646791458129883,
  "cameraGrain" : 0,
  "exposureDuration" : 0.0099999997764825821,
  "projectionMatrix" : [
    1.5222891569137573,
    0,
    0.034416079521179199,
    0,
    0,
    2.0297188758850098,
    0.0060030817985534668,
    0,
    0,
    0,
    -0.9999997615814209,
    -0.00099999981466680765,
    0,
    0,
    -1,
    0
  ],
  "intrinsics" : [
    1461.3975830078125,
    0,
    926.4605712890625,
    0,
    1461.3975830078125,
    723.82220458984375,
    0,
    0,
    1
  ],
  "frame_index" : 109,
  "time" : 574402.07841116679,
  "averageVelocity" : 0.32736223936080933
}