{
  "cameraGrain" : 0,
  "averageVelocity" : 0.17356792092323303,
  "exposureDuration" : 0.0099999997764825821,
  "motionQuality" : 0.93842083215713501,
  "projectionMatrix" : [
    1.5202888250350952,
    0,
    0.034708380699157715,
    0,
    0,
    2.0270516872406006,
    0.0016477704048156738,
    0,
    0,
    0,
    -0.9999997615814209,
    -0.00099999981466680765,
    0,
    0,
    -1,
    0
  ],
  "frame_index" : 173,
  "cameraPoseARFrame" : [
    0.049484401941299438,
    0.95617550611495972,
    -0.28858232498168945,
    0.14744433760643005,
    -0.96481806039810181,
    0.12046352028846741,
    0.23369696736335754,
    0.25345456600189209,
    0.25821897387504578,
    0.266865074634552,
    0.9284965991973877,
    0.74847954511642456,
    0,
    0,
    0,
    0.99999982118606567
  ],
  "time" : 574407.18958887516,
  "averageAngularVelocity" : 0.21552704274654388,
  "intrinsics" : [
    1459.477294921875,
    0,
    926.179931640625,
    0,
    1459.477294921875,
    720.6864013671875,
    0,
    0,
    1
  ]
}