{
  "time" : 574410.49573175015,
  "cameraPoseARFrame" : [
    0.027254769578576088,
    0.99960559606552124,
    -0.0067788278684020042,
    -0.036523807793855667,
    -0.77437382936477661,
    0.02540108934044838,
    0.63221806287765503,
    -0.11079145222902298,
    0.63214081525802612,
    -0.011981635354459286,
    0.77476078271865845,
    0.64949226379394531,
    0,
    0,
    0,
    0.99999988079071045
  ],
  "averageVelocity" : 0.040135815739631653,
  "averageAngularVelocity" : 0.19953790307044983,
  "exposureDuration" : 0.0099999997764825821,
  "motionQuality" : 0.94298917055130005,
  "cameraGrain" : 0,
  "intrinsics" : [
    1459.07763671875,
    0,
    932.5640869140625,
    0,
    1459.07763671875,
    722.6995849609375,
    0,
    0,
    1
  ],
  "frame_index" : 210,
  "projectionMatrix" : [
    1.5198725461959839,
    0,
    0.028058230876922607,
    0,
    0,
    2.0264966487884521,
    0.0044438838958740234,
    0,
    0,
    0,
    -0.9999997615814209,
    -0.00099999981466680765,
    0,
    0,
    -1,
    0
  ]
}