{
  "cameraGrain" : 0,
  "projectionMatrix" : [
    1.5212132930755615,
    0,
    0.034302890300750732,
    0,
    0,
    2.0282843112945557,
    -0.0059816837310791016,
    0,
    0,
    0,
    -0.9999997615814209,
    -0.00099999981466680765,
    0,
    0,
    -1,
    0
  ],
  "frame_index" : 158,
  "intrinsics" : [
    1460.36474609375,
    0,
    926.5692138671875,
    0,
    1460.36474609375,
    715.19317626953125,
    0,
    0,
    1
  ],
  "averageAngularVelocity" : 0.2980864942073822,
  "motionQuality" : 0.91483241319656372,
  "averageVelocity" : 0.17519910633563995,
  "exposureDuration" : 0.0099999997764825821,
  "cameraPoseARFrame" : [
    0.24659225344657898,
    0.96719110012054443,
    -0.061102211475372314,
    -0.0059793116524815559,
    -0.95236504077911377,
    0.25351992249488831,
    0.16949303448200226,
    0.37839943170547485,
    0.1794227659702301,
    0.016395885497331619,
    0.9836353063583374,
    0.68541961908340454,
    0,
    0,
    0,
    0.9999997615814209
  ],
  "time" : 574405.98729879176
}