{
  "cameraGrain" : 0,
  "averageVelocity" : 0.16156867146492004,
  "exposureDuration" : 0.0099999997764825821,
  "motionQuality" : 0.95383751392364502,
  "projectionMatrix" : [
    1.5202077627182007,
    0,
    0.034904539585113525,
    0,
    0,
    2.0269436836242676,
    0.0011456012725830078,
    0,
    0,
    0,
    -0.9999997615814209,
    -0.00099999981466680765,
    0,
    0,
    -1,
    0
  ],
  "frame_index" : 170,
  "cameraPoseARFrame" : [
    0.075545735657215118,
    0.96114343404769897,
    -0.26551136374473572,
    0.12867730855941772,
    -0.9684184193611145,
    0.13417091965675354,
    0.21015146374702454,
    0.28042763471603394,
    0.2376096099615097,
    0.24125003814697266,
    0.94092512130737305,
    0.74220669269561768,
    0,
    0,
    0,
    0.99999988079071045
  ],
  "time" : 574406.98951920844,
  "averageAngularVelocity" : 0.12447348237037659,
  "intrinsics" : [
    1459.3994140625,
    0,
    925.99163818359375,
    0,
    1459.3994140625,
    720.3248291015625,
    0,
    0,
    1
  ]
}