{
  "frame_index" : 188,
  "averageVelocity" : 0.1383722722530365,
  "motionQuality" : 0.96046507358551025,
  "time" : 574408.59210879181,
  "intrinsics" : [
    1459.4979248046875,
    0,
    927.37982177734375,
    0,
    1459.4979248046875,
    722.0765380859375,
    0,
    0,
    1
  ],
  "cameraPoseARFrame" : [
    -0.020114192739129066,
    0.96396386623382568,
    -0.26527178287506104,
    0.16389977931976318,
    -0.91997033357620239,
    0.086043417453765869,
    0.38242745399475098,
    0.060196753591299057,
    0.39147114753723145,
    0.25173437595367432,
    0.88508760929107666,
    0.76019340753555298,
    0,
    0,
    0,
    0.99999988079071045
  ],
  "cameraGrain" : 0,
  "averageAngularVelocity" : 0,
  "projectionMatrix" : [
    1.5203102827072144,
    0,
    0.033458530902862549,
    0,
    0,
    2.0270805358886719,
    0.0035785436630249023,
    0,
    0,
    0,
    -0.9999997615814209,
    -0.00099999981466680765,
    0,
    0,
    -1,
    0
  ],
  "exposureDuration" : 0.0099999997764825821
}