{
  "intrinsics" : [
    1459.046630859375,
    0,
    925.0587158203125,
    0,
    1459.046630859375,
    722.650390625,
    0,
    0,
    1
  ],
  "cameraPoseARFrame" : [
    0.21225975453853607,
    0.89185261726379395,
    0.39943063259124756,
    -0.28268566727638245,
    -0.94795143604278564,
    0.088641412556171417,
    0.30582749843597412,
    0.16462230682373047,
    0.23734694719314575,
    -0.44355586171150208,
    0.86424797773361206,
    0.8489338755607605,
    0,
    0,
    0,
    0.99999994039535522
  ],
  "time" : 574394.66333662509,
  "averageVelocity" : 0.32613903284072876,
  "exposureDuration" : 0.0099999997764825821,
  "cameraGrain" : 0,
  "motionQuality" : 0.90681743621826172,
  "averageAngularVelocity" : 0.2088051438331604,
  "frame_index" : 23,
  "projectionMatrix" : [
    1.5198402404785156,
    0,
    0.035876333713531494,
    0,
    0,
    2.0264537334442139,
    0.0043755173683166504,
    0,
    0,
    0,
    -0.9999997615814209,
    -0.00099999981466680765,
    0,
    0,
    -1,
    0
  ]
}