{
  "cameraPoseARFrame" : [
    0.48629301786422729,
    0.81416034698486328,
    0.3172728419303894,
    -0.19990001618862152,
    -0.87196260690689087,
    0.42864719033241272,
    0.23652157187461853,
    0.46401190757751465,
    0.056568372994661331,
    -0.39166891574859619,
    0.91836559772491455,
    0.60768270492553711,
    0,
    0,
    0,
    0.99999994039535522
  ],
  "averageAngularVelocity" : 0.1678241491317749,
  "frame_index" : 140,
  "projectionMatrix" : [
    1.5216296911239624,
    0,
    0.032478630542755127,
    0,
    0,
    2.0288395881652832,
    -0.0092493295669555664,
    0,
    0,
    0,
    -0.9999997615814209,
    -0.00099999981466680765,
    0,
    0,
    -1,
    0
  ],
  "motionQuality" : 0.94014483690261841,
  "time" : 574404.65027279174,
  "exposureDuration" : 0.0099999997764825821,
  "cameraGrain" : 0,
  "averageVelocity" : 0.20949310064315796,
  "intrinsics" : [
    1460.7645263671875,
    0,
    928.32049560546875,
    0,
    1460.7645263671875,
    712.84051513671875,
    0,
    0,
    1
  ]
}