{
  "exposureDuration" : 0.0099999997764825821,
  "projectionMatrix" : [
    1.5225379467010498,
    0,
    0.03261721134185791,
    0,
    0,
    2.0300507545471191,
    0.0061247348785400391,
    0,
    0,
    0,
    -0.9999997615814209,
    -0.00099999981466680765,
    0,
    0,
    -1,
    0
  ],
  "frame_index" : 105,
  "averageAngularVelocity" : 0.51275366544723511,
  "cameraGrain" : 0,
  "motionQuality" : 0.85349893569946289,
  "time" : 574401.71340870846,
  "intrinsics" : [
    1461.636474609375,
    0,
    928.1875,
    0,
    1461.636474609375,
    723.9097900390625,
    0,
    0,
    1
  ],
  "averageVelocity" : 0.26081788539886475,
  "cameraPoseARFrame" : [
    0.099238529801368713,
    0.95823055505752563,
    0.26822736859321594,
    -0.25580888986587524,
    -0.95140910148620605,
    0.012406725436449051,
    0.30767911672592163,
    -0.076456256210803986,
    0.29149970412254333,
    -0.28572770953178406,
    0.91290068626403809,
    0.61460649967193604,
    0,
    0,
    0,
    0.99999988079071045
  ]
}