{
  "time" : 574395.46512504178,
  "cameraGrain" : 0,
  "averageVelocity" : 0.22914020717144012,
  "motionQuality" : 0.91689121723175049,
  "projectionMatrix" : [
    1.5207375288009644,
    0,
    0.032534539699554443,
    0,
    0,
    2.0276501178741455,
    0.0013728737831115723,
    0,
    0,
    0,
    -0.9999997615814209,
    -0.00099999981466680765,
    0,
    0,
    -1,
    0
  ],
  "averageAngularVelocity" : 0.29088076949119568,
  "exposureDuration" : 0.0099999997764825821,
  "frame_index" : 33,
  "cameraPoseARFrame" : [
    0.31924542784690857,
    0.88654941320419312,
    0.33483222126960754,
    -0.3117213249206543,
    -0.89268159866333008,
    0.16271930932998657,
    0.4202876091003418,
    0.21893304586410522,
    0.31812199950218201,
    -0.43307361006736755,
    0.8433537483215332,
    0.64001888036727905,
    0,
    0,
    0,
    0.99999988079071045
  ],
  "intrinsics" : [
    1459.9080810546875,
    0,
    928.266845703125,
    0,
    1459.9080810546875,
    720.48846435546875,
    0,
    0,
    1
  ]
}