{
  "motionQuality" : 0.96060919761657715,
  "averageAngularVelocity" : 0,
  "frame_index" : 36,
  "averageVelocity" : 0.13786780834197998,
  "cameraPoseARFrame" : [
    0.36295798420906067,
    0.87581479549407959,
    0.31813535094261169,
    -0.32463985681533813,
    -0.86997795104980469,
    0.19621902704238892,
    0.45236724615097046,
    0.22175002098083496,
    0.33376574516296387,
    -0.44096118211746216,
    0.83315891027450562,
    0.60430330038070679,
    0,
    0,
    0,
    0.99999994039535522
  ],
  "time" : 574395.70250770845,
  "cameraGrain" : 0,
  "exposureDuration" : 0.0099999997764825821,
  "intrinsics" : [
    1460.2142333984375,
    0,
    928.783935546875,
    0,
    1460.2142333984375,
    720.1070556640625,
    0,
    0,
    1
  ],
  "projectionMatrix" : [
    1.5210565328598022,
    0,
    0.031995892524719238,
    0,
    0,
    2.0280752182006836,
    0.00084310770034790039,
    0,
    0,
    0,
    -0.9999997615814209,
    -0.00099999981466680765,
    0,
    0,
    -1,
    0
  ]
}