{
  "cameraPoseARFrame" : [
    0.12748314440250397,
    0.89543944597244263,
    0.42653957009315491,
    -0.27893349528312683,
    -0.97157752513885498,
    0.026257650926709175,
    0.23525983095169067,
    0.14859406650066376,
    0.19946102797985077,
    -0.44440802931785583,
    0.87333643436431885,
    0.95497512817382812,
    0,
    0,
    0,
    0.9999997615814209
  ],
  "exposureDuration" : 0.0099999997764825821,
  "time" : 574393.99947770848,
  "averageVelocity" : 0,
  "cameraGrain" : 0,
  "projectionMatrix" : [
    1.5196778774261475,
    0,
    0.034831643104553223,
    0,
    0,
    2.0262372493743896,
    0.0057407021522521973,
    0,
    0,
    0,
    -0.9999997615814209,
    -0.00099999981466680765,
    0,
    0,
    -1,
    0
  ],
  "averageAngularVelocity" : 0.35420060157775879,
  "intrinsics" : [
    1458.8907470703125,
    0,
    926.0616455078125,
    0,
    1458.8907470703125,
    723.63330078125,
    0,
    0,
    1
  ],
  "frame_index" : 15,
  "motionQuality" : 0.8987998366355896
}