{
  "time" : 24200.645707375006,
  "averageVelocity" : 0,
  "averageAngularVelocity" : 0.029972666874527931,
  "exposureDuration" : 0.0099999997764825821,
  "cameraPoseARFrame" : [
    0.14835864305496216,
    0.9348142147064209,
    0.32266390323638916,
    0.24349533021450043,
    -0.90826040506362915,
    -0.00027378497179597616,
    0.41840511560440063,
    0.065779104828834534,
    0.3912193775177002,
    -0.35513690114021301,
    0.84901416301727295,
    0.47726327180862427,
    0,
    0,
    0,
    1
  ],
  "motionQuality" : 0.99143636226654053,
  "frame_index" : 10,
  "intrinsics" : [
    1473.184326171875,
    0,
    929.29339599609375,
    0,
    1473.184326171875,
    725.18182373046875,
    0,
    0,
    1
  ],
  "cameraGrain" : 0,
  "projectionMatrix" : [
    1.5345669984817505,
    0,
    0.031465232372283936,
    0,
    0,
    2.0460894107818604,
    0.0078914165496826172,
    0,
    0,
    0,
    -0.9999997615814209,
    -0.00099999981466680765,
    0,
    0,
    -1,
    0
  ]
}