{
  "time" : 24201.447375583339,
  "averageVelocity" : 0,
  "cameraPoseARFrame" : [
    0.14697553217411041,
    0.93362510204315186,
    0.32671451568603516,
    0.24541489779949188,
    -0.91211897134780884,
    0.00013986467092763633,
    0.40992552042007446,
    0.065821513533592224,
    0.38267096877098083,
    -0.35825157165527344,
    0.85159772634506226,
    0.4784887433052063,
    0,
    0,
    0,
    1.0000001192092896
  ],
  "exposureDuration" : 0.0099999997764825821,
  "motionQuality" : 0.99666386842727661,
  "projectionMatrix" : [
    1.5340964794158936,
    0,
    0.031535506248474121,
    0,
    0,
    2.0454621315002441,
    0.0077952146530151367,
    0,
    0,
    0,
    -0.9999997615814209,
    -0.00099999981466680765,
    0,
    0,
    -1,
    0
  ],
  "intrinsics" : [
    1472.732666015625,
    0,
    929.22589111328125,
    0,
    1472.732666015625,
    725.112548828125,
    0,
    0,
    1
  ],
  "cameraGrain" : 0,
  "frame_index" : 18,
  "averageAngularVelocity" : 0.0116763636469841
}