{
  "exposureDuration" : 0.0099999997764825821,
  "intrinsics" : [
    1473.968017578125,
    0,
    929.49896240234375,
    0,
    1473.968017578125,
    725.27813720703125,
    0,
    0,
    1
  ],
  "projectionMatrix" : [
    1.5353833436965942,
    0,
    0.031251072883605957,
    0,
    0,
    2.047177791595459,
    0.0080251693725585938,
    0,
    0,
    0,
    -0.9999997615814209,
    -0.00099999981466680765,
    0,
    0,
    -1,
    0
  ],
  "averageVelocity" : 0,
  "averageAngularVelocity" : 0,
  "frame_index" : 0,
  "cameraPoseARFrame" : [
    0.15090806782245636,
    0.93234521150588989,
    0.32857164740562439,
    0.24222953617572784,
    -0.90528184175491333,
    -0.0031777312979102135,
    0.4247995913028717,
    0.062272697687149048,
    0.39710384607315063,
    -0.36155572533607483,
    0.8435555100440979,
    0.4719054102897644,
    0,
    0,
    0,
    1
  ],
  "motionQuality" : 1,
  "time" : 24199.727568541672,
  "cameraGrain" : 0
}