{
  "cameraPoseARFrame" : [
    0.14973887801170349,
    0.93413519859313965,
    0.32399070262908936,
    0.24243469536304474,
    -0.90521997213363647,
    -0.0022791777737438679,
    0.42493721842765808,
    0.064885377883911133,
    0.39768713712692261,
    -0.3569125235080719,
    0.845256507396698,
    0.47531354427337646,
    0,
    0,
    0,
    1.0000001192092896
  ],
  "averageVelocity" : 0.019341617822647095,
  "motionQuality" : 0.98842823505401611,
  "time" : 24200.143997750005,
  "averageAngularVelocity" : 0.04050113633275032,
  "cameraGrain" : 0,
  "intrinsics" : [
    1473.5994873046875,
    0,
    929.35052490234375,
    0,
    1473.5994873046875,
    725.36126708984375,
    0,
    0,
    1
  ],
  "projectionMatrix" : [
    1.5349994897842407,
    0,
    0.03140568733215332,
    0,
    0,
    2.0466659069061279,
    0.0081406235694885254,
    0,
    0,
    0,
    -0.9999997615814209,
    -0.00099999981466680765,
    0,
    0,
    -1,
    0
  ],
  "frame_index" : 5,
  "exposureDuration" : 0.0099999997764825821
}