{
  "averageVelocity" : 0,
  "cameraGrain" : 0,
  "exposureDuration" : 0.0099999997764825821,
  "motionQuality" : 0.98697477579116821,
  "cameraPoseARFrame" : [
    0.14906333386898041,
    0.9339292049407959,
    0.32489451766014099,
    0.24274666607379913,
    -0.90583741664886475,
    -0.0027875802479684353,
    0.4236162006855011,
    0.065032303333282471,
    0.39653313159942627,
    -0.35744726657867432,
    0.84557253122329712,
    0.47578483819961548,
    0,
    0,
    0,
    1
  ],
  "averageAngularVelocity" : 0.045588310807943344,
  "intrinsics" : [
    1473.142822265625,
    0,
    929.37451171875,
    0,
    1473.142822265625,
    725.3094482421875,
    0,
    0,
    1
  ],
  "projectionMatrix" : [
    1.5345237255096436,
    0,
    0.031380712985992432,
    0,
    0,
    2.0460317134857178,
    0.0080686807632446289,
    0,
    0,
    0,
    -0.9999997615814209,
    -0.00099999981466680765,
    0,
    0,
    -1,
    0
  ],
  "time" : 24200.244249625004,
  "frame_index" : 6
}