{
  "time" : 24199.805137916672,
  "cameraGrain" : 0,
  "averageVelocity" : 0.0093327034264802933,
  "motionQuality" : 0.97384476661682129,
  "intrinsics" : [
    1473.947021484375,
    0,
    929.59869384765625,
    0,
    1473.947021484375,
    725.3349609375,
    0,
    0,
    1
  ],
  "cameraPoseARFrame" : [
    0.15025478601455688,
    0.93161803483963013,
    0.33092516660690308,
    0.24241769313812256,
    -0.90174150466918945,
    -0.0080879274755716324,
    0.43220004439353943,
    0.061852708458900452,
    0.40532174706459045,
    -0.36334910988807678,
    0.8388633131980896,
    0.47124719619750977,
    0,
    0,
    0,
    1
  ],
  "frame_index" : 1,
  "projectionMatrix" : [
    1.5353615283966064,
    0,
    0.031147181987762451,
    0,
    0,
    2.0471487045288086,
    0.0081040859222412109,
    0,
    0,
    0,
    -0.9999997615814209,
    -0.00099999981466680765,
    0,
    0,
    -1,
    0
  ],
  "averageAngularVelocity" : 0,
  "exposureDuration" : 0.0099999997764825821
}