{
  "averageAngularVelocity" : 0,
  "intrinsics" : [
    1473.184326171875,
    0,
    929.276123046875,
    0,
    1473.184326171875,
    725.1851806640625,
    0,
    0,
    1
  ],
  "time" : 24200.845896000006,
  "exposureDuration" : 0.0099999997764825821,
  "averageVelocity" : 0.0060961642302572727,
  "motionQuality" : 0.99164950847625732,
  "cameraPoseARFrame" : [
    0.14714352786540985,
    0.93498766422271729,
    0.32271802425384521,
    0.24408984184265137,
    -0.90884214639663696,
    -0.00094977184198796749,
    0.41713911294937134,
    0.065484702587127686,
    0.39032638072967529,
    -0.35467907786369324,
    0.84961646795272827,
    0.47770142555236816,
    0,
    0,
    0,
    1
  ],
  "cameraGrain" : 0,
  "projectionMatrix" : [
    1.5345669984817505,
    0,
    0.031483232975006104,
    0,
    0,
    2.0460894107818604,
    0.0078960657119750977,
    0,
    0,
    0,
    -0.9999997615814209,
    -0.00099999981466680765,
    0,
    0,
    -1,
    0
  ],
  "frame_index" : 12
}