{
  "cameraPoseARFrame" : [
    0.14673767983913422,
    0.9340512752532959,
    0.32560122013092041,
    0.24425913393497467,
    -0.91046732664108276,
    -0.001136979553848505,
    0.41357916593551636,
    0.065991505980491638,
    0.38667434453964233,
    -0.35713696479797363,
    0.85025644302368164,
    0.47826719284057617,
    0,
    0,
    0,
    1
  ],
  "time" : 24200.946138000007,
  "averageAngularVelocity" : 0.051529470831155777,
  "motionQuality" : 0.98527729511260986,
  "intrinsics" : [
    1473.173828125,
    0,
    929.27117919921875,
    0,
    1473.173828125,
    725.17034912109375,
    0,
    0,
    1
  ],
  "projectionMatrix" : [
    1.5345560312271118,
    0,
    0.031488358974456787,
    0,
    0,
    2.0460748672485352,
    0.0078755021095275879,
    0,
    0,
    0,
    -0.9999997615814209,
    -0.00099999981466680765,
    0,
    0,
    -1,
    0
  ],
  "exposureDuration" : 0.0099999997764825821,
  "frame_index" : 13,
  "averageVelocity" : 0,
  "cameraGrain" : 0
}