{
  "cameraPoseARFrame" : [
    0.14778374135494232,
    0.93513083457946777,
    0.32200998067855835,
    0.24388191103935242,
    -0.90823060274124146,
    -0.00056641758419573307,
    0.41846960783004761,
    0.065433412790298462,
    0.3915061354637146,
    -0.35430243611335754,
    0.84923064708709717,
    0.47741013765335083,
    0,
    0,
    0,
    1
  ],
  "time" : 24200.746056750006,
  "averageAngularVelocity" : 0.019161231815814972,
  "motionQuality" : 0.99452537298202515,
  "intrinsics" : [
    1473.13232421875,
    0,
    929.2705078125,
    0,
    1473.13232421875,
    725.16363525390625,
    0,
    0,
    1
  ],
  "projectionMatrix" : [
    1.5345128774642944,
    0,
    0.031489074230194092,
    0,
    0,
    2.0460171699523926,
    0.0078661441802978516,
    0,
    0,
    0,
    -0.9999997615814209,
    -0.00099999981466680765,
    0,
    0,
    -1,
    0
  ],
  "exposureDuration" : 0.0099999997764825821,
  "frame_index" : 11,
  "averageVelocity" : 0,
  "cameraGrain" : 0
}