{
  "motionQuality" : 0.9936683177947998,
  "averageVelocity" : 0,
  "time" : 24201.347181916673,
  "cameraGrain" : 0,
  "frame_index" : 17,
  "cameraPoseARFrame" : [
    0.14662961661815643,
    0.93364769220352173,
    0.32680541276931763,
    0.24522577226161957,
    -0.91193383932113647,
    -0.00041106512071564794,
    0.41033691167831421,
    0.065755017101764679,
    0.38324436545372009,
    -0.35819253325462341,
    0.85136467218399048,
    0.47845017910003662,
    0,
    0,
    0,
    0.99999994039535522
  ],
  "averageAngularVelocity" : 0.022160954773426056,
  "intrinsics" : [
    1472.6600341796875,
    0,
    929.207763671875,
    0,
    1472.6600341796875,
    725.1614990234375,
    0,
    0,
    1
  ],
  "exposureDuration" : 0.0099999997764825821,
  "projectionMatrix" : [
    1.5340209007263184,
    0,
    0.03155440092086792,
    0,
    0,
    2.0453610420227051,
    0.007863163948059082,
    0,
    0,
    0,
    -0.9999997615814209,
    -0.00099999981466680765,
    0,
    0,
    -1,
    0
  ]
}