{
  "time" : 24200.54568216667,
  "averageVelocity" : 0.004845836665481329,
  "averageAngularVelocity" : 0.017222465947270393,
  "exposureDuration" : 0.0099999997764825821,
  "cameraPoseARFrame" : [
    0.14853528141975403,
    0.93441468477249146,
    0.32373839616775513,
    0.24318511784076691,
    -0.90769779682159424,
    -0.0010946544352918863,
    0.41962295770645142,
    0.065585494041442871,
    0.39245611429214478,
    -0.35618552565574646,
    0.8480035662651062,
    0.47677093744277954,
    0,
    0,
    0,
    1.0000001192092896
  ],
  "intrinsics" : [
    1473.220703125,
    0,
    929.34368896484375,
    0,
    1473.220703125,
    725.2169189453125,
    0,
    0,
    1
  ],
  "frame_index" : 9,
  "motionQuality" : 0.99507927894592285,
  "cameraGrain" : 0,
  "projectionMatrix" : [
    1.5346049070358276,
    0,
    0.031412839889526367,
    0,
    0,
    2.0461399555206299,
    0.0079401731491088867,
    0,
    0,
    0,
    -0.9999997615814209,
    -0.00099999981466680765,
    0,
    0,
    -1,
    0
  ]
}