{
  "cameraGrain" : 0,
  "projectionMatrix" : [
    1.5345073938369751,
    0,
    0.031537055969238281,
    0,
    0,
    2.0460097789764404,
    0.0077980756759643555,
    0,
    0,
    0,
    -0.9999997615814209,
    -0.00099999981466680765,
    0,
    0,
    -1,
    0
  ],
  "motionQuality" : 0.99253618717193604,
  "cameraPoseARFrame" : [
    0.14684516191482544,
    0.93387573957443237,
    0.32605630159378052,
    0.24438977241516113,
    -0.9109567403793335,
    -0.00078060443047434092,
    0.41250115633010864,
    0.066232591867446899,
    0.38547924160957336,
    -0.35759705305099487,
    0.85060572624206543,
    0.47862190008163452,
    0,
    0,
    0,
    1
  ],
  "averageAngularVelocity" : 0.026123311370611191,
  "averageVelocity" : 0.0049824891611933708,
  "time" : 24201.046240291671,
  "intrinsics" : [
    1473.1270751953125,
    0,
    929.22442626953125,
    0,
    1473.1270751953125,
    725.1146240234375,
    0,
    0,
    1
  ],
  "frame_index" : 14,
  "exposureDuration" : 0.0099999997764825821
}