{
  "time" : 24199.873009708339,
  "cameraGrain" : 0,
  "averageVelocity" : 0,
  "motionQuality" : 0.98129886388778687,
  "intrinsics" : [
    1473.8330078125,
    0,
    929.50457763671875,
    0,
    1473.8330078125,
    725.34539794921875,
    0,
    0,
    1
  ],
  "cameraPoseARFrame" : [
    0.14990657567977905,
    0.93227899074554443,
    0.32921710610389709,
    0.24246625602245331,
    -0.90325254201889038,
    -0.0062765059992671013,
    0.4290633499622345,
    0.062717095017433167,
    0.40207302570343018,
    -0.36168566346168518,
    0.84114253520965576,
    0.47219592332839966,
    0,
    0,
    0,
    1.0000001192092896
  ],
  "frame_index" : 2,
  "projectionMatrix" : [
    1.5352426767349243,
    0,
    0.031245231628417969,
    0,
    0,
    2.0469903945922852,
    0.0081186294555664062,
    0,
    0,
    0,
    -0.9999997615814209,
    -0.00099999981466680765,
    0,
    0,
    -1,
    0
  ],
  "averageAngularVelocity" : 0,
  "exposureDuration" : 0.0099999997764825821
}