{
  "projectionMatrix" : [
    1.5348912477493286,
    0,
    0.031288802623748779,
    0,
    0,
    2.0465216636657715,
    0.0080636739730834961,
    0,
    0,
    0,
    -0.9999997615814209,
    -0.00099999981466680765,
    0,
    0,
    -1,
    0
  ],
  "time" : 24199.941134041674,
  "intrinsics" : [
    1473.49560546875,
    0,
    929.4627685546875,
    0,
    1473.49560546875,
    725.30584716796875,
    0,
    0,
    1
  ],
  "cameraPoseARFrame" : [
    0.15108488500118256,
    0.93347585201263428,
    0.32526364922523499,
    0.24235588312149048,
    -0.90301221609115601,
    -0.0035371084231883287,
    0.42960020899772644,
    0.063214823603630066,
    0.40217182040214539,
    -0.358623206615448,
    0.84240567684173584,
    0.47211694717407227,
    0,
    0,
    0,
    1
  ],
  "averageAngularVelocity" : 0,
  "motionQuality" : 0.98084986209869385,
  "averageVelocity" : 0.011746436357498169,
  "frame_index" : 3,
  "cameraGrain" : 0,
  "exposureDuration" : 0.0099999997764825821
}