{
  "cameraPoseARFrame" : [
    0.14875972270965576,
    0.93431484699249268,
    0.32392320036888123,
    0.24300304055213928,
    -0.90764617919921875,
    -0.0010066766990348697,
    0.41973462700843811,
    0.065685734152793884,
    0.39249035716056824,
    -0.35644733905792236,
    0.8478776216506958,
    0.47674793004989624,
    0,
    0,
    0,
    1
  ],
  "averageVelocity" : 0.0085281524807214737,
  "motionQuality" : 0.9880794882774353,
  "time" : 24200.443465958338,
  "averageAngularVelocity" : 0.041721824556589127,
  "cameraGrain" : 0,
  "intrinsics" : [
    1473.1634521484375,
    0,
    929.3623046875,
    0,
    1473.1634521484375,
    725.139404296875,
    0,
    0,
    1
  ],
  "projectionMatrix" : [
    1.5345453023910522,
    0,
    0.03139340877532959,
    0,
    0,
    2.04606032371521,
    0.0078325271606445312,
    0,
    0,
    0,
    -0.9999997615814209,
    -0.00099999981466680765,
    0,
    0,
    -1,
    0
  ],
  "frame_index" : 8,
  "exposureDuration" : 0.0099999997764825821
}