{
  "motionQuality" : 0.99200928211212158,
  "averageVelocity" : 0,
  "time" : 24201.246923250004,
  "cameraGrain" : 0,
  "frame_index" : 16,
  "cameraPoseARFrame" : [
    0.14572161436080933,
    0.93380749225616455,
    0.32675480842590332,
    0.24503116309642792,
    -0.91188234090805054,
    -0.0013228500029072165,
    0.41044929623603821,
    0.065802589058876038,
    0.38371282815933228,
    -0.35777339339256287,
    0.85132980346679688,
    0.47852188348770142,
    0,
    0,
    0,
    1
  ],
  "averageAngularVelocity" : 0.027967482805252075,
  "intrinsics" : [
    1472.68603515625,
    0,
    929.177001953125,
    0,
    1472.68603515625,
    725.19940185546875,
    0,
    0,
    1
  ],
  "exposureDuration" : 0.0099999997764825821,
  "projectionMatrix" : [
    1.5340479612350464,
    0,
    0.03158646821975708,
    0,
    0,
    2.0453972816467285,
    0.0079158544540405273,
    0,
    0,
    0,
    -0.9999997615814209,
    -0.00099999981466680765,
    0,
    0,
    -1,
    0
  ]
}