{
  "cameraGrain" : 0,
  "projectionMatrix" : [
    1.5344641208648682,
    0,
    0.031574845314025879,
    0,
    0,
    2.0459520816802979,
    0.0078890323638916016,
    0,
    0,
    0,
    -0.9999997615814209,
    -0.00099999981466680765,
    0,
    0,
    -1,
    0
  ],
  "motionQuality" : 0.99171781539916992,
  "cameraPoseARFrame" : [
    0.14599773287773132,
    0.93375396728515625,
    0.32678475975990295,
    0.24483036994934082,
    -0.91208481788635254,
    -0.00087774242274463177,
    0.41000056266784668,
    0.066181361675262451,
    0.38312640786170959,
    -0.35791462659835815,
    0.85153466463088989,
    0.47879308462142944,
    0,
    0,
    0,
    1
  ],
  "averageAngularVelocity" : 0.028987742960453033,
  "averageVelocity" : 0.0072234030812978745,
  "time" : 24201.146596250004,
  "intrinsics" : [
    1473.0855712890625,
    0,
    929.18817138671875,
    0,
    1473.0855712890625,
    725.18011474609375,
    0,
    0,
    1
  ],
  "frame_index" : 15,
  "exposureDuration" : 0.0099999997764825821
}