{
  "cameraPoseARFrame" : [
    0.15184466540813446,
    0.93414431810379028,
    0.32298225164413452,
    0.24194249510765076,
    -0.90388941764831543,
    -0.00097379804356023669,
    0.42776492238044739,
    0.064361602067947388,
    0.3999086320400238,
    -0.35689413547515869,
    0.84421533346176147,
    0.47334951162338257,
    0,
    0,
    0,
    1
  ],
  "averageVelocity" : 0.014297722838819027,
  "motionQuality" : 0.98553556203842163,
  "time" : 24200.045460500005,
  "averageAngularVelocity" : 0,
  "cameraGrain" : 0,
  "intrinsics" : [
    1473.5267333984375,
    0,
    929.36077880859375,
    0,
    1473.5267333984375,
    725.32659912109375,
    0,
    0,
    1
  ],
  "projectionMatrix" : [
    1.5349236726760864,
    0,
    0.031395018100738525,
    0,
    0,
    2.0465648174285889,
    0.0080925226211547852,
    0,
    0,
    0,
    -0.9999997615814209,
    -0.00099999981466680765,
    0,
    0,
    -1,
    0
  ],
  "frame_index" : 4,
  "exposureDuration" : 0.0099999997764825821
}