{
  "time" : 24201.547689250005,
  "averageVelocity" : 0,
  "cameraPoseARFrame" : [
    0.14771625399589539,
    0.93105703592300415,
    0.33363574743270874,
    0.24577592313289642,
    -0.91393113136291504,
    -0.00044024499948136508,
    0.40586897730827332,
    0.0659351646900177,
    0.37803396582603455,
    -0.36487361788749695,
    0.8508569598197937,
    0.47851657867431641,
    0,
    0,
    0,
    1
  ],
  "exposureDuration" : 0.0099999997764825821,
  "motionQuality" : 0.97866421937942505,
  "projectionMatrix" : [
    1.5339667797088623,
    0,
    0.031657397747039795,
    0,
    0,
    2.0452890396118164,
    0.0075386166572570801,
    0,
    0,
    0,
    -0.9999997615814209,
    -0.00099999981466680765,
    0,
    0,
    -1,
    0
  ],
  "intrinsics" : [
    1472.608154296875,
    0,
    929.10888671875,
    0,
    1472.608154296875,
    724.92779541015625,
    0,
    0,
    1
  ],
  "cameraGrain" : 0,
  "frame_index" : 19,
  "averageAngularVelocity" : 0.074675306677818298
}