{
  "cameraPoseARFrame" : [
    0.14906929433345795,
    0.93418145179748535,
    0.32416555285453796,
    0.24276304244995117,
    -0.90676569938659668,
    -0.0016136982012540102,
    0.4216315746307373,
    0.065486818552017212,
    0.39440345764160156,
    -0.35679459571838379,
    0.8468431830406189,
    0.475868821144104,
    0,
    0,
    0,
    1
  ],
  "averageVelocity" : 0,
  "motionQuality" : 0.98078775405883789,
  "time" : 24200.344035500006,
  "averageAngularVelocity" : 0,
  "cameraGrain" : 0,
  "intrinsics" : [
    1473.1064453125,
    0,
    929.40728759765625,
    0,
    1473.1064453125,
    725.22772216796875,
    0,
    0,
    1
  ],
  "projectionMatrix" : [
    1.534485936164856,
    0,
    0.031346559524536133,
    0,
    0,
    2.0459811687469482,
    0.0079551935195922852,
    0,
    0,
    0,
    -0.9999997615814209,
    -0.00099999981466680765,
    0,
    0,
    -1,
    0
  ],
  "frame_index" : 7,
  "exposureDuration" : 0.0099999997764825821
}